äÕëDID,ñºèÃ,É}Å[ÉN
1,ñråé,wbbbbbwwwwwbwwwwwwwwbbwwwwwwwwbbwwwwwwwwwwwwwwwwwwwwwwwwwwwwwwwwwwwwwwwwwwwwwwwwwwwwwwwwwwwwwwwwwwwwwwwwwwwwwwwwwwwwwwwwwwwwwwww
2,î@åé,wwwbbwbbwbbbbbbbbwwwbbwwwwwwwwbbwwwwwwwwwwwwwwwwwwwwwwwwwwwwwwwwwwwwwwwwwwwwwwwwwwwwwwwwwwwwwwwwwwwwwwwwwwwwwwwwwwwwwwwwwwwwwwww
6,í∑åé,wwwbbwwwwbbbbwwwwwwwbbwwwwwwwwbbwwwwwwwwwwwwwwwwwwwwwwwwwwwwwwwwwwwwwwwwwwwwwwwwwwwwwwwwwwwwwwwwwwwwwwwwwwwwwwwwwwwwwwwwwwwwwwww
7,éOì˙åé,bbbbbbbbbbbbbbbbbwwwbbwwwwwwwwwbbwwwwwbbwwwwwwwwbbwwwwwwwwwwwwwwwwwwwwwwwwwwwwwwwwwwwwwwwwwwwwwwwwwwwwwwwwwwwwwwwwwwwwwwwwwwwwww
9,êÅê·,wwwwwwwbbbwwwbbwwwwwwwwwwwwwwwwbbwwwwwwwwwwwwwwwwwwwwwwwwwwwwwwwwwwwwwwwwwwwwwwwwwwwwwwwwwwwwwwwwwwwwwwwwwwwwwwwwwwwwwwwwwwwwwww
10,îíê·,wwbbwwwwwwwwwwbbwwwwwwwwwwwwwwwbbwwwwwwwwwwwwwwwwwwwwwwwwwwwwwwwwwwwwwwwwwwwwwwwwwwwwwwwwwwwwwwwwwwwwwwwwwwwwwwwwwwwwwwwwwwwwwww
11,ê[ê·,wwbbwbbbwwbbwbbbwwwwwwwwwwwwwwwbbwwwwwwwwwwwwwwwwwwwwwwwwwwwwwwwwwwwwwwwwwwwwwwwwwwwwwwwwwwwwwwwwwwwwwwwwwwwwwwwwwwwwwwwwwwwwwww
12,àÈîg,wbbbbbwbwbbwbbwwbwwbbbbbwwwbbbbbwwwwwwwwwwwwwwwwwwwwwwwwwwwwwwwwwwwwwwwwwwwwwwwwwwwwwwwwwwwwwwwwwwwwwwwwwwwwwwwwwwwwwwwwwwwwwwww
13,àªîg,bbwbbbbwwwbbbwwwwwwbbbbbwwwbbbbbwwwwwwwwwwwwwwwwwwwwwwwwwwwwwwwwwwwwwwwwwwwwwwwwwwwwwwwwwwwwwwwwwwwwwwwwwwwwwwwwwwwwwwwwwwwwwwww
14,ï~îg,wwbbwwwbbwwbbbbwwwwbbbbbwwwbbbbbwwwwwwwwwwwwwwwwwwwwwwwwwwwwwwwwwwwwwwwwwwwwwwwwwwwwwwwwwwwwwwwwwwwwwwwwwwwwwwwwwwwwwwwwwwwwwwww
15,èå,wbbbbwwwbbbbbbbbwwwwwwwwwwwwwwwwwwwwwwwwwwwwwwwwwwwwwwwwwwwwwwwwwwwwwwwwwwwwwwwwwwwwwwwwwwwwwwwwwwwwwwwwwwwwwwwwwwwwwwwwwwwwwwww
16,í™,wbbwwwbbwwbbwwwbbwwwwwwwwwwwwwwwwwwwwwwwwwwwwwwwwwwwwwwwwwwwwwwwwwwwwwwwwwwwwwwwwwwwwwwwwwwwwwwwwwwwwwwwwwwwwwwwwwwwwwwwwwwwwwww
17,ózâä,wbwwwwwbbbwbbwbbwwwwwwwbbwwwbbbwwwwwwwwwwwwwwwwwwwwwwwwwwwwwwwwwwwwwwwwwwwwwwwwwwwwwwwwwwwwwwwwwwwwwwwwwwwwwwwwwwwwwwwwwwwwwwwww
18,ïsímâŒ,wwwwwwwbbwwwwwwwwwwwbbwwbbbbbbbbbbbwwwwbbbwwwwwbbbwwwwwwwwwwwwwwwwwwwwwwwwwwwwwwwwwwwwwwwwwwwwwwwwwwwwwwwwwwwwwwwwwwwwwwwwwwwwww
19,çïí™,wwbbwbbwwbbwwbbwwwwbbwwwbbwwbbwwwbbwwwwwwwwwwwwwwwwwwwwwwwwwwwwwwwwwwwwwwwwwwwwwwwwwwwwwwwwwwwwwwwwwwwwwwwwwwwwwwwwwwwwwwwwwwwww
20,ê·ïó,wwwwwwwwwwwwwbbwwwwbbwwwwbbbbbbwbwbwwwwwwwwwwwwwwwwwwwwwwwwwwwwwwwwwwwwwwwwwwwwwwwwwwwwwwwwwwwwwwwwwwwwwwwwwwwwwwwwwwwwwwwwwwwww
21,í∑ó«,wwwbbwwwwbbbbwwwwwwwwbbwwwbbbbbwwwwwwwwwwwwwwwwwwwwwwwwwwwwwwwwwwwwwwwwwwwwwwwwwwwwwwwwwwwwwwwwwwwwwwwwwwwwwwwwwwwwwwwwwwwwwwwww
22,å‹è\óÈ,wwwwwbbwwwwwbbwwwwwwwwwwwwbbwwwwwwwwwbwbbbbbwwbbwbbbbwwwwwwwwwwwwwwwwwwwwwwwwwwwwwwwwwwwwwwwwwwwwwwwwwwwwwwwwwwwwwwwwwwwwwwwwwww
23,óRó«,wbbwwwwbbwwwwwbbwwwwwbbwwwbbbbbwwwwwwwwwwwwwwwwwwwwwwwwwwwwwwwwwwwwwwwwwwwwwwwwwwwwwwwwwwwwwwwwwwwwwwwwwwwwwwwwwwwwwwwwwwwwwwwww
24,ëÂà‰,wwwbbbwwwwwbbbwwwwwwwbbwwwwwwbbwwwwwwwwwwwwwwwwwwwwwwwwwwwwwwwwwwwwwwwwwwwwwwwwwwwwwwwwwwwwwwwwwwwwwwwwwwwwwwwwwwwwwwwwwwwwwwwww
25,ñkè„,bbbbwwbwwwbbwwwbbwwwwwwwwbbwwwwwwwwwwwwwwwwwwwwwwwwwwwwwwwwwwwwwwwwwwwwwwwwwwwwwwwwwwwwwwwwwwwwwwwwwwwwwwwwwwwwwwwwwwwwwwwwwwwww
26,ï}åK,wwwbbwwwbbbwwbbwwwwwwwbbbwbbbbbbwwwwwwwwwwwwwwwwwwwwwwwwwwwwwwwwwwwwwwwwwwwwwwwwwwwwwwwwwwwwwwwwwwwwwwwwwwwwwwwwwwwwwwwwwwwwwwww
27,éRèÈ,wbbbbbbbbbbbbbbbwwwwwwwbbwbbbbbbbwbwwwwwwwwwwwwwwwwwwwwwwwwwwwwwwwwwwwwwwwwwwwwwwwwwwwwwwwwwwwwwwwwwwwwwwwwwwwwwwwwwwwwwwwwwwwww
28,éHåé,bbbbbbbbbbbbbbbbbwwwbbwwwwwwwwbbwwwwwwwwwwwwwwwwwwwwwwwwwwwwwwwwwwwwwwwwwwwwwwwwwwwwwwwwwwwwwwwwwwwwwwwwwwwwwwwwwwwwwwwwwwwwwwww
29,ï∂åé,wwwwbbbbwwbbbwwwwwwwbbwwwwwwwwbbwwwwwwwwwwwwwwwwwwwwwwwwwwwwwwwwwwwwwwwwwwwwwwwwwwwwwwwwwwwwwwwwwwwwwwwwwwwwwwwwwwwwwwwwwwwwwwww
30,ãeåé,wwwbbwwbwwbbwbbwwwwwbbwwwwwwwwbbwwwwwwwwwwwwwwwwwwwwwwwwwwwwwwwwwwwwwwwwwwwwwwwwwwwwwwwwwwwwwwwwwwwwwwwwwwwwwwwwwwwwwwwwwwwwwwww
31,ñ]åé,wwwwwwwwbbwwwwwwwwwwbbwwwwwwwwbbwwwwwwwwwwwwwwwwwwwwwwwwwwwwwwwwwwwwwwwwwwwwwwwwwwwwwwwwwwwwwwwwwwwwwwwwwwwwwwwwwwwwwwwwwwwwwwww
32,èâê·,wwwbbwwbbbwwwwbbwwwwwwwwwwwwwwwbbwwwwwwwwwwwwwwwwwwwwwwwwwwwwwwwwwwwwwwwwwwwwwwwwwwwwwwwwwwwwwwwwwwwwwwwwwwwwwwwwwwwwwwwwwwwwwww
33,ëpâ_,wwbwwwbbwwbbbbwwwwwwwwbbbwwwwbbbwwwwwwwwwwwwwwwwwwwwwwwwwwwwwwwwwwwwwwwwwwwwwwwwwwwwwwwwwwwwwwwwwwwwwwwwwwwwwwwwwwwwwwwwwwwwwwww
34,ã≈,wbwwwwwbbwwwbwwbbwwwwwwwwwwwwwwwwwwwwwwwwwwwwwwwwwwwwwwwwwwwwwwwwwwwwwwwwwwwwwwwwwwwwwwwwwwwwwwwwwwwwwwwwwwwwwwwwwwwwwwwwwwwwwww
35,ãø,wwwbbbbbbbbbbbwwwwwwwwwwwwwwwwwwwwwwwwwwwwwwwwwwwwwwwwwwwwwwwwwwwwwwwwwwwwwwwwwwwwwwwwwwwwwwwwwwwwwwwwwwwwwwwwwwwwwwwwwwwwwwwwww
36,óã,wwbbwwwwbwwwwbbwwwwwwwwwwwwwwwwwwwwwwwwwwwwwwwwwwwwwwwwwwwwwwwwwwwwwwwwwwwwwwwwwwwwwwwwwwwwwwwwwwwwwwwwwwwwwwwwwwwwwwwwwwwwwwwww
37,ìd,wwbbbbbbbbbbbbbbwwwwwwwwwwwwwwwwwwwwwwwwwwwwwwwwwwwwwwwwwwwwwwwwwwwwwwwwwwwwwwwwwwwwwwwwwwwwwwwwwwwwwwwwwwwwwwwwwwwwwwwwwwwwwwww
38,èâèt,wwwbbwwbbbwwwwbbwwwwwwbbwwwwwwbbwwwwwwwwwwwwwwwwwwwwwwwwwwwwwwwwwwwwwwwwwwwwwwwwwwwwwwwwwwwwwwwwwwwwwwwwwwwwwwwwwwwwwwwwwwwwwwww
39,éqì˙,wwwwwwwwbbwwwwwwwwwwbbwwwwwwwwwbbwwwwwwwwwwwwwwwwwwwwwwwwwwwwwwwwwwwwwwwwwwwwwwwwwwwwwwwwwwwwwwwwwwwwwwwwwwwwwwwwwwwwwwwwwwwwwww
40,é·ót,wwwbbwwwwwwwwbbwwwwwwwbbbbbbbbbwwwwwwwwwwwwwwwwwwwwwwwwwwwwwwwwwwwwwwwwwwwwwwwwwwwwwwwwwwwwwwwwwwwwwwwwwwwwwwwwwwwwwwwwwwwwwwwww
41,èâëö,wwwbbwwbbbwwwwbbwwwbbbbwbbbbbbbbbbwwwwwwwwwwwwwwwwwwwwwwwwwwwwwwwwwwwwwwwwwwwwwwwwwwwwwwwwwwwwwwwwwwwwwwwwwwwwwwwwwwwwwwwwwwwwww
42,îíòI,wwbbwwwwwwwwwwbbwwwbbwbwwwbbwwwwbbwwwwwwwwwwwwwwwwwwwwwwwwwwwwwwwwwwwwwwwwwwwwwwwwwwwwwwwwwwwwwwwwwwwwwwwwwwwwwwwwwwwwwwwwwwwwww
43,éûâJ,wbbbbbwwwbbwwbbwwwwbbwwwbwbwwwbwbbwwwwwwwwwwwwwwwwwwwwwwwwwwwwwwwwwwwwwwwwwwwwwwwwwwwwwwwwwwwwwwwwwwwwwwwwwwwwwwwwwwwwwwwwwwwwww
44,ë∫âJ,wwwbbwwwwwwwwbbwwwwbbwwwbwbwwwbwbbwwwwwwwwwwwwwwwwwwwwwwwwwwwwwwwwwwwwwwwwwwwwwwwwwwwwwwwwwwwwwwwwwwwwwwwwwwwwwwwwwwwwwwwwwwwwww
45,ó[óß,wwwwwbbbbwwwwwwwwwwwwwwwwwwbbwwwwwwwwwwwwwwwwwwwwwwwwwwwwwwwwwwwwwwwwwwwwwwwwwwwwwwwwwwwwwwwwwwwwwwwwwwwwwwwwwwwwwwwwwwwwwwwwwww
46,å‹åéâJ,wwwwwbbwwwwwbbwwwwwwbbwwwwwwwwbbwwwwwbbwwwbbbwwwbwbbwwwwwwwwwwwwwwwwwwwwwwwwwwwwwwwwwwwwwwwwwwwwwwwwwwwwwwwwwwwwwwwwwwwwwwwwwwww
47,ó¡ïó,wwbbwbbwwwbbwwbbbwwbbwwwwbbbbbbwbwbwwwwwwwwwwwwwwwwwwwwwwwwwwwwwwwwwwwwwwwwwwwwwwwwwwwwwwwwwwwwwwwwwwwwwwwwwwwwwwwwwwwwwwwwwwwww
48,Ë≈,wbbbbbbbwwwbbbwwwwwwwwwwwwwwwwwwwwwwwwwwwwwwwwwwwwwwwwwwwwwwwwwwwwwwwwwwwwwwwwwwwwwwwwwwwwwwwwwwwwwwwwwwwwwwwwwwwwwwwwwwwwwwwwww
49,â‡,wbbwwwwwwwbbbbbwwwwwwwwwwwwwwwwwwwwwwwwwwwwwwwwwwwwwwwwwwwwwwwwwwwwwwwwwwwwwwwwwwwwwwwwwwwwwwwwwwwwwwwwwwwwwwwwwwwwwwwwwwwwwwwww
50,ìáïó,wbbwwwbwwwbbwwbbwwwbbwwwwbbbbbbwbwbwwwwwwwwwwwwwwwwwwwwwwwwwwwwwwwwwwwwwwwwwwwwwwwwwwwwwwwwwwwwwwwwwwwwwwwwwwwwwwwwwwwwwwwwwwwww
51,ìVó¥,wwwbbbwwwwwbbbwwwwwbbwwwbbwbbbbbbbwwwwwwwwwwwwwwwwwwwwwwwwwwwwwwwwwwwwwwwwwwwwwwwwwwwwwwwwwwwwwwwwwwwwwwwwwwwwwwwwwwwwwwwwwwwwww
52,ó¥ìc,wbbwwwbbwbbbbbbbwwwbbbbbbbbbbbbbbbwwwwwwwwwwwwwwwwwwwwwwwwwwwwwwwwwwwwwwwwwwwwwwwwwwwwwwwwwwwwwwwwwwwwwwwwwwwwwwwwwwwwwwwwwwwwww
53,ñºéÊ,wwwwwbbwwwwwwwbbwwbbbwwwbbwwbbbbbwwwwwwwwwwwwwwwwwwwwwwwwwwwwwwwwwwwwwwwwwwwwwwwwwwwwwwwwwwwwwwwwwwwwwwwwwwwwwwwwwwwwwwwwwwwwwww
54,êÏì‡,wbbwwwwwbbwwwbbwwwwbbwwwwwwwwwwwbbwwwwwwwwwwwwwwwwwwwwwwwwwwwwwwwwwwwwwwwwwwwwwwwwwwwwwwwwwwwwwwwwwwwwwwwwwwwwwwwwwwwwwwwwwwwwww
55,ê_í ,wwwbbwwwwwwbbwwwwwwwbbbwbwwwbbwbbbwwwwwwwwwwwwwwwwwwwwwwwwwwwwwwwwwwwwwwwwwwwwwwwwwwwwwwwwwwwwwwwwwwwwwwwwwwwwwwwwwwwwwwwwwwwwww
56,ìﬂâœ,wbbwwwwbwwbbbbbbwwbbbwwwwwwwwwwwbbwwwwwwwwwwwwwwwwwwwwwwwwwwwwwwwwwwwwwwwwwwwwwwwwwwwwwwwwwwwwwwwwwwwwwwwwwwwwwwwwwwwwwwwwwwwwww
57,ëÂà‰â¸,wwwbbbwwwwwbbbwwwwwwwbbwwwwwwbbwwwwwwbbbbbbwbbbwbbbwwwwwwwwwwwwwwwwwwwwwwwwwwwwwwwwwwwwwwwwwwwwwwwwwwwwwwwwwwwwwwwwwwwwwwwwwwwww
58,ñkè„â¸,bbbbwwbwwwbbwwwbbwwwwwwwwbbwwwwwwwwwwbbbbbbwbbbwbbbwwwwwwwwwwwwwwwwwwwwwwwwwwwwwwwwwwwwwwwwwwwwwwwwwwwwwwwwwwwwwwwwwwwwwwwwwwwww
59,å√ëÈ,wwbbwwwwwwwwwbbwwwwbwwbbbbbbbbbbbbbwwwwwwwwwwwwwwwwwwwwwwwwwwwwwwwwwwwwwwwwwwwwwwwwwwwwwwwwwwwwwwwwwwwwwwwwwwwwwwwwwwwwwwwwwwwww
60,â¡å√,wbbwwwwbwwbbbbbbbwwwbbwwwwwwwwwbbwwwwwwwwwwwwwwwwwwwwwwwwwwwwwwwwwwwwwwwwwwwwwwwwwwwwwwwwwwwwwwwwwwwwwwwwwwwwwwwwwwwwwwwwwwwwwww
61,ê¬ót,wwwbbbbbbbbbbbwwwwwwwwbbbbbbbbbwwwwwwwwwwwwwwwwwwwwwwwwwwwwwwwwwwwwwwwwwwwwwwwwwwwwwwwwwwwwwwwwwwwwwwwwwwwwwwwwwwwwwwwwwwwwwwwww
62,ñ≠çÇ,wwbbwbbwwwbbbwwwwwwbbwwbbbbbbbwwbbwwwwwwwwwwwwwwwwwwwwwwwwwwwwwwwwwwwwwwwwwwwwwwwwwwwwwwwwwwwwwwwwwwwwwwwwwwwwwwwwwwwwwwwwwwwwww
63,ìﬂíq,wbbwwwwbwwbbbbbbwwwwwbwwwwwwwwwbbwwwwwwwwwwwwwwwwwwwwwwwwwwwwwwwwwwwwwwwwwwwwwwwwwwwwwwwwwwwwwwwwwwwwwwwwwwwwwwwwwwwwwwwwwwwwwww
64,ë´ïø,wwbbwbbbbbwwwwwwwwwwwbbwwbbwwwwwwbbwwwwwwwwwwwwwwwwwwwwwwwwwwwwwwwwwwwwwwwwwwwwwwwwwwwwwwwwwwwwwwwwwwwwwwwwwwwwwwwwwwwwwwwwwwwww
65,âHçï,wwwwwwbbwwwwwwbbwwwwbbwbbwwbbwwbbwwwwwwwwwwwwwwwwwwwwwwwwwwwwwwwwwwwwwwwwwwwwwwwwwwwwwwwwwwwwwwwwwwwwwwwwwwwwwwwwwwwwwwwwwwwwwww
66,çÇóY,wbbwwbbbbbbbwwbbwwbbwbbbbbbbbwbbwwwwwwwwwwwwwwwwwwwwwwwwwwwwwwwwwwwwwwwwwwwwwwwwwwwwwwwwwwwwwwwwwwwwwwwwwwwwwwwwwwwwwwwwwwwwwwww
67,à§ìÜ,bbbwwwbbbbbwwwwwwwbbbbbwwwwwwwwbbwwwwwwwwwwwwwwwwwwwwwwwwwwwwwwwwwwwwwwwwwwwwwwwwwwwwwwwwwwwwwwwwwwwwwwwwwwwwwwwwwwwwwwwwwwwwwww
68,ñÄñÎ,bbwbbbbbbbbbbbbbbwbbbbbwbbwbbwbbbwwwwwwwwwwwwwwwwwwwwwwwwwwwwwwwwwwwwwwwwwwwwwwwwwwwwwwwwwwwwwwwwwwwwwwwwwwwwwwwwwwwwwwwwwwwwwww
69,íπäC,wwbwwbbwbbwbbwbbwwwwbbwbbbbbbbbbbbbwwwwwwwwwwwwwwwwwwwwwwwwwwwwwwwwwwwwwwwwwwwwwwwwwwwwwwwwwwwwwwwwwwwwwwwwwwwwwwwwwwwwwwwwwwwww
70,ç≈è„,bbbbbbbbwwwbbbwwwwwwwwwwwbbwwwwwwwwwwwwwwwwwwwwwwwwwwwwwwwwwwwwwwwwwwwwwwwwwwwwwwwwwwwwwwwwwwwwwwwwwwwwwwwwwwwwwwwwwwwwwwwwwwwww
71,óòç™,wbwwbbwwwwwwwwbbwwwwwbbwwwbwwwbbbwwwwwwwwwwwwwwwwwwwwwwwwwwwwwwwwwwwwwwwwwwwwwwwwwwwwwwwwwwwwwwwwwwwwwwwwwwwwwwwwwwwwwwwwwwwwwww
72,í}ñÄ,bbbbbwbbbwwwwbbwbwbbbbbbbbbbbbbbbbbwwwwwwwwwwwwwwwwwwwwwwwwwwwwwwwwwwwwwwwwwwwwwwwwwwwwwwwwwwwwwwwwwwwwwwwwwwwwwwwwwwwwwwwwwwwww
73,ç≈è„â¸,bbbbbbbbwwwbbbwwwwwwwwwwwbbwwwwwwwwwwbbbbbbwbbbwbbbwwwwwwwwwwwwwwwwwwwwwwwwwwwwwwwwwwwwwwwwwwwwwwwwwwwwwwwwwwwwwwwwwwwwwwwwwwwww
74,èÀñP,wwwbbwwwwwwbbwwwwwwbbbbwbwbwbwbwbwbwwwwwwwwwwwwwwwwwwwwwwwwwwwwwwwwwwwwwwwwwwwwwwwwwwwwwwwwwwwwwwwwwwwwwwwwwwwwwwwwwwwwwwwwwwwww
75,îÚëÈ,wwbbwwwbbwwwbbwbwwwbwwbbbbbbbbbbbbbwwwwwwwwwwwwwwwwwwwwwwwwwwwwwwwwwwwwwwwwwwwwwwwwwwwwwwwwwwwwwwwwwwwwwwwwwwwwwwwwwwwwwwwwwwwww
76,ó¥Èà,wbbwwwbbwbbbbbbbwwbbbwbwbbbbbwwbbbwwwwwwwwwwwwwwwwwwwwwwwwwwwwwwwwwwwwwwwwwwwwwwwwwwwwwwwwwwwwwwwwwwwwwwwwwwwwwwwwwwwwwwwwwwwwww
77,à…ê®,wwbbwwwwbbwwwwwwwwwwwwwbbbwwwwwbbwwwwwwwwwwwwwwwwwwwwwwwwwwwwwwwwwwwwwwwwwwwwwwwwwwwwwwwwwwwwwwwwwwwwwwwwwwwwwwwwwwwwwwwwwwwwwww
78,ã‡çÑ,wwwwbbwwbbwbbwwwwwwbwbwwwwwbbwwwwbbwwwwwwwwwwwwwwwwwwwwwwwwwwwwwwwwwwwwwwwwwwwwwwwwwwwwwwwwwwwwwwwwwwwwwwwwwwwwwwwwwwwwwwwwwwwww
79,êYñº,wwbbwwwbbbbbbbbwwwwwwwwbbwwwwwwwbbwwwwwwwwwwwwwwwwwwwwwwwwwwwwwwwwwwwwwwwwwwwwwwwwwwwwwwwwwwwwwwwwwwwwwwwwwwwwwwwwwwwwwwwwwwwwww
80,í∑ñÂ,wwwbbwwwwbbbbwwwwwwbbwwwwwwwwwwwbbwwwwwwwwwwwwwwwwwwwwwwwwwwwwwwwwwwwwwwwwwwwwwwwwwwwwwwwwwwwwwwwwwwwwwwwwwwwwwwwwwwwwwwwwwwwwww
81,ó§âú,wbwwwwwwwwbbwwwwwwwwwwwbbbwbbbwwwwwwwwwwwwwwwwwwwwwwwwwwwwwwwwwwwwwwwwwwwwwwwwwwwwwwwwwwwwwwwwwwwwwwwwwwwwwwwwwwwwwwwwwwwwwwwwww
82,à…ê®â¸,wwbbwwwwbbwwwwwwwwwwwwwbbbwwwwwbbwwwwbbbbbbwbbbwbbbwwwwwwwwwwwwwwwwwwwwwwwwwwwwwwwwwwwwwwwwwwwwwwwwwwwwwwwwwwwwwwwwwwwwwwwwwwwww
83,ê‘èÈ,wbwwbbwwwbbwwwwbwwwwwwwbbwbbbbbbbwbwwwwwwwwwwwwwwwwwwwwwwwwwwwwwwwwwwwwwwwwwwwwwwwwwwwwwwwwwwwwwwwwwwwwwwwwwwwwwwwwwwwwwwwwwwwww
84,â¡âÍ,wbbwwwwbwwbbbbbbbwwwbbbbbbbbbbbbbwwwwwwwwwwwwwwwwwwwwwwwwwwwwwwwwwwwwwwwwwwwwwwwwwwwwwwwwwwwwwwwwwwwwwwwwwwwwwwwwwwwwwwwwwwwwwww
85,ñ∂ìá,wbbwbwwwwwbbwwbbwwwbbwwwbwwwbbwwbbwwwwwwwwwwwwwwwwwwwwwwwwwwwwwwwwwwwwwwwwwwwwwwwwwwwwwwwwwwwwwwwwwwwwwwwwwwwwwwwwwwwwwwwwwwwwww
86,î‰âb,wwbbbbbbbbbwwwwbbwwbbbbbbbbwwbbbbbwwwwwwwwwwwwwwwwwwwwwwwwwwwwwwwwwwwwwwwwwwwwwwwwwwwwwwwwwwwwwwwwwwwwwwwwwwwwwwwwwwwwwwwwwwwwww
87,ì˙å¸,wwbbwwwwwwwwwbbwwwwbbwwbbwwwwwwwbbwwwwwwwwwwwwwwwwwwwwwwwwwwwwwwwwwwwwwwwwwwwwwwwwwwwwwwwwwwwwwwwwwwwwwwwwwwwwwwwwwwwwwwwwwwwwww
88,ì˙å¸â¸,wwbbwwwwwwwwwbbwwwwbbwwbbwwwwwwwbbwwwbbbbbbwbbbwbbbwwwwwwwwwwwwwwwwwwwwwwwwwwwwwwwwwwwwwwwwwwwwwwwwwwwwwwwwwwwwwwwwwwwwwwwwwwwww
89,ñP„ƒ,wbbbbwbwbwbwbwbwbwwwbbwwwwwwbbwwwbbwwwwwwwwwwwwwwwwwwwwwwwwwwwwwwwwwwwwwwwwwwwwwwwwwwwwwwwwwwwwwwwwwwwwwwwwwwwwwwwwwwwwwwwwwwwww
90,ëìó¥,wwbbbbbbbbbbbbbwwwwbbwwwbbwbbbbbbbwwwwwwwwwwwwwwwwwwwwwwwwwwwwwwwwwwwwwwwwwwwwwwwwwwwwwwwwwwwwwwwwwwwwwwwwwwwwwwwwwwwwwwwwwwwwww
91,îÚó¥,wwbbwwwbbwwwbbwbwwwbbwwwbbwbbbbbbbwwwwwwwwwwwwwwwwwwwwwwwwwwwwwwwwwwwwwwwwwwwwwwwwwwwwwwwwwwwwwwwwwwwwwwwwwwwwwwwwwwwwwwwwwwwwww
92,îπëÈ,wwwwwwwwbbwwwwwwwwwbwwbbbbbbbbbbbbbwwwwwwwwwwwwwwwwwwwwwwwwwwwwwwwwwwwwwwwwwwwwwwwwwwwwwwwwwwwwwwwwwwwwwwwwwwwwwwwwwwwwwwwwwwwww
93,ûO,wbwwbbbbwwbbbbbbbwwwwwwwwwwwwwwwwwwwwwwwwwwwwwwwwwwwwwwwwwwwwwwwwwwwwwwwwwwwwwwwwwwwwwwwwwwwwwwwwwwwwwwwwwwwwwwwwwwwwwwwwwwwwwww
94,ó¯,wbbwwbbbwwwbbwwwwwwwwwwwwwwwwwwwwwwwwwwwwwwwwwwwwwwwwwwwwwwwwwwwwwwwwwwwwwwwwwwwwwwwwwwwwwwwwwwwwwwwwwwwwwwwwwwwwwwwwwwwwwwwwwww
95,í©í™,bbbbbbbbbbbwwwwbbwwbbwwwbbwwbbwwwbbwwwwwwwwwwwwwwwwwwwwwwwwwwwwwwwwwwwwwwwwwwwwwwwwwwwwwwwwwwwwwwwwwwwwwwwwwwwwwwwwwwwwwwwwwwwww
96,ëÂí™,wwwbbbwwwwwbbbwwwwwbbwwwbbwwbbwwwbbwwwwwwwwwwwwwwwwwwwwwwwwwwwwwwwwwwwwwwwwwwwwwwwwwwwwwwwwwwwwwwwwwwwwwwwwwwwwwwwwwwwwwwwwwwwww
97,ñûí™,wbbwwbbbbbbbbbwbbwwbbwwwbbwwbbwwwbbwwwwwwwwwwwwwwwwwwwwwwwwwwwwwwwwwwwwwwwwwwwwwwwwwwwwwwwwwwwwwwwwwwwwwwwwwwwwwwwwwwwwwwwwwwwww
98,çrí™,wwwbbwwwbwwwbbwbbwwbbwwwbbwwbbwwwbbwwwwwwwwwwwwwwwwwwwwwwwwwwwwwwwwwwwwwwwwwwwwwwwwwwwwwwwwwwwwwwwwwwwwwwwwwwwwwwwwwwwwwwwwwwwww
99,ãÖñÅ,bwwwwbbbwwbbwwbbbwbbbbbbbwwwwwwwbbwwwwwwwwwwwwwwwwwwwwwwwwwwwwwwwwwwwwwwwwwwwwwwwwwwwwwwwwwwwwwwwwwwwwwwwwwwwwwwwwwwwwwwwwwwwwww
100,ëΩñÄ,wwwwwwwwbbbbwwwwwwbbbbbbbbbbbbbbbbbwwwwwwwwwwwwwwwwwwwwwwwwwwwwwwwwwwwwwwwwwwwwwwwwwwwwwwwwwwwwwwwwwwwwwwwwwwwwwwwwwwwwwwwwwwwww
101,ñÿë\,bbbwwwwwbbwwwwbbbwwwwbbbbbbbbbbbwwwwwwwwwwwwwwwwwwwwwwwwwwwwwwwwwwwwwwwwwwwwwwwwwwwwwwwwwwwwwwwwwwwwwwwwwwwwwwwwwwwwwwwwwwwwwwww
102,êÁçŒ,wwwwwwwbbbwwwwwwwwwbbbbwbbwbbbbbwwbwwwwwwwwwwwwwwwwwwwwwwwwwwwwwwwwwwwwwwwwwwwwwwwwwwwwwwwwwwwwwwwwwwwwwwwwwwwwwwwwwwwwwwwwwwwww
103,êÁë„ìc,wwwwwwwbbbwwwwwwwwwwwbbwwwwwwwbbwbbwwbbbbbbbbbbbbbbbwwwwwwwwwwwwwwwwwwwwwwwwwwwwwwwwwwwwwwwwwwwwwwwwwwwwwwwwwwwwwwwwwwwwwwwwwwww
104,êÁçŒâ¸,wwwwwwwbbbwwwwwwwwwbbbbwbbwbbbbbwwbwwbbbbbbwbbbwbbbwwwwwwwwwwwwwwwwwwwwwwwwwwwwwwwwwwwwwwwwwwwwwwwwwwwwwwwwwwwwwwwwwwwwwwwwwwwww
105,êÁë„ìcâ¸,wwwwwwwbbbwwwwwwwwwwwbbwwwwwwwbbwbbwwbbbbbbbbbbbbbbbwwwbbbbbbwbbbwbbbwwwwwwwwwwwwwwwwwwwwwwwwwwwwwwwwwwwwwwwwwwwwwwwwwwwwwwwwwww
106,êÁçŒçb,wwwwwwwbbbwwwwwwwwwbbbbwbbwbbbbbwwbwwwwwwwwbbbwwwwwwwwwwwwwwwwwwwwwwwwwwwwwwwwwwwwwwwwwwwwwwwwwwwwwwwwwwwwwwwwwwwwwwwwwwwwwwwwww
107,êÁë„ìcçb,wwwwwwwbbbwwwwwwwwwwwbbwwwwwwwbbwbbwwbbbbbbbbbbbbbbbwwwwwwwwwbbbwwwwwwwwwwwwwwwwwwwwwwwwwwwwwwwwwwwwwwwwwwwwwwwwwwwwwwwwwwwwwwww
108,êÁçŒçq,wwwwwwwbbbwwwwwwwwwbbbbwbbwbbbbbwwbwwbwwbwbwbbwwwbbwbwwwwwwwwwwwwwwwwwwwwwwwwwwwwwwwwwwwwwwwwwwwwwwwwwwwwwwwwwwwwwwwwwwwwwwwwwww
109,êÁë„ìcçq,wwwwwwwbbbwwwwwwwwwwwbbwwwwwwwbbwbbwwbbbbbbbbbbbbbbbwwwbbbbwbwbbwwwbbwbwwwwwwwwwwwwwwwwwwwwwwwwwwwwwwwwwwwwwwwwwwwwwwwwwwwwwwwww
110,„ƒíﬂ,wwbbwwwwwwbbwwwbbwwwbwwbwwwbwbbbbbbwwwwwwwwwwwwwwwwwwwwwwwwwwwwwwwwwwwwwwwwwwwwwwwwwwwwwwwwwwwwwwwwwwwwwwwwwwwwwwwwwwwwwwwwwwwww
111,êêíﬂ,bbbwwwbbwbbwbwwbbwwwbwwbwwwbwbbbbbbwwwwwwwwwwwwwwwwwwwwwwwwwwwwwwwwwwwwwwwwwwwwwwwwwwwwwwwwwwwwwwwwwwwwwwwwwwwwwwwwwwwwwwwwwwwww
112,êêíﬂâ¸,bbbwwwbbwbbwbwwbbwwwbwwbwwwbwbbbbbbwwbbbbbbwbbbwbbbwwwwwwwwwwwwwwwwwwwwwwwwwwwwwwwwwwwwwwwwwwwwwwwwwwwwwwwwwwwwwwwwwwwwwwwwwwwww
113,ãSì{,wwwbbbwwwbbbbbwbbwwbbwwbbwwwwbbwbbwwwwwwwwwwwwwwwwwwwwwwwwwwwwwwwwwwwwwwwwwwwwwwwwwwwwwwwwwwwwwwwwwwwwwwwwwwwwwwwwwwwwwwwwwwwwww
114,à¢ïêåG,wbwwwwwwwwwwwwbwwwwwbbwwbbbbbwbbwbbwwbbwwwwbbwwwbbbwwwwwwwwwwwwwwwwwwwwwwwwwwwwwwwwwwwwwwwwwwwwwwwwwwwwwwwwwwwwwwwwwwwwwwwwwwwww
115,ó[í£,wwwwwbbbbwwwwwwwwwwwwwbbwwbwwwwbbwwwwwwwwwwwwwwwwwwwwwwwwwwwwwwwwwwwwwwwwwwwwwwwwwwwwwwwwwwwwwwwwwwwwwwwwwwwwwwwwwwwwwwwwwwwwwww
116,êêñP,bbbwwwbbwbbwbwwbbwwbbbbwbwbwbwbwbwbwwwwwwwwwwwwwwwwwwwwwwwwwwwwwwwwwwwwwwwwwwwwwwwwwwwwwwwwwwwwwwwwwwwwwwwwwwwwwwwwwwwwwwwwwwwww
117,êêñPâ¸,bbbwwwbbwbbwbwwbbwwbbbbwbwbwbwbwbwbwwbbbbbbwbbbwbbbwwwwwwwwwwwwwwwwwwwwwwwwwwwwwwwwwwwwwwwwwwwwwwwwwwwwwwwwwwwwwwwwwwwwwwwwwwwww
118,ëÂà‰â¸ìÒ,wwwbbbwwwwwbbbwwwwwwwbbwwwwwwbbwwwwwwbbbbbbwbbbwbbbwwwbbbbbbbbbbbbbbbbbwwwwwwwwwwwwwwwwwwwwwwwwwwwwwwwwwwwwwwwwwwwwwwwwwwwwwwwww
119,ñkè„â¸ìÒ,bbbbwwbwwwbbwwwbbwwwwwwwwbbwwwwwwwwwwbbbbbbwbbbwbbbwwwbbbbbbbbbbbbbbbbbwwwwwwwwwwwwwwwwwwwwwwwwwwwwwwwwwwwwwwwwwwwwwwwwwwwwwwwww
120,éOåG,bbbbbbbbbbbbbbbbbwwbwwwwwbbwwwbbbwwwwwwwwwwwwwwwwwwwwwwwwwwwwwwwwwwwwwwwwwwwwwwwwwwwwwwwwwwwwwwwwwwwwwwwwwwwwwwwwwwwwwwwwwwwwwww
121,éOåGâ¸,bbbbbbbbbbbbbbbbbwwbwwwwwbbwwwbbbwwwwbbbbbbwbbbwbbbwwwwwwwwwwwwwwwwwwwwwwwwwwwwwwwwwwwwwwwwwwwwwwwwwwwwwwwwwwwwwwwwwwwwwwwwwwwww
122,ïëïó,wbwbbbwbbbbbbbbbbwwbbwwwwbbbbbbwbwbwwwwwwwwwwwwwwwwwwwwwwwwwwwwwwwwwwwwwwwwwwwwwwwwwwwwwwwwwwwwwwwwwwwwwwwwwwwwwwwwwwwwwwwwwwwww
123,àﬂä},wwwwbbwbbbbwbbbwwwwwwwwbbwwwbbwwwwwwwwwwwwwwwwwwwwwwwwwwwwwwwwwwwwwwwwwwwwwwwwwwwwwwwwwwwwwwwwwwwwwwwwwwwwwwwwwwwwwwwwwwwwwwwwww
124,óÈíJ,wwwbbbbbwwbbwbbbwwwwwbbwwwwwwwbbwwwwwwwwwwwwwwwwwwwwwwwwwwwwwwwwwwwwwwwwwwwwwwwwwwwwwwwwwwwwwwwwwwwwwwwwwwwwwwwwwwwwwwwwwwwwwwww
125,åFñÏ,wwbbwbbwwbbwwbbwwwwwwwbbbbbwwbbwwwwwwwwwwwwwwwwwwwwwwwwwwwwwwwwwwwwwwwwwwwwwwwwwwwwwwwwwwwwwwwwwwwwwwwwwwwwwwwwwwwwwwwwwwwwwwwww
126,à…168,wwbbwwwwbbwwwwwwwwwwwwwbbwwwwwwwbbbwbbbbwwwbbbwwwbbbwwwwwwwwwwwwwwwwwwwwwwwwwwwwwwwwwwwwwwwwwwwwwwwwwwwwwwwwwwwwwwwwwwwwwwwwwwww
127,à…58,wwbbwwwwbbwwwwwwwwwbbbwbbbbwwwwbbbwwwbbbwwwwwwwwwwwwwwwwwwwwwwwwwwwwwwwwwwwwwwwwwwwwwwwwwwwwwwwwwwwwwwwwwwwwwwwwwwwwwwwwwwwwwwww
128,à…8,wwbbwwwwbbwwwwwwwwwbbbwwwbbbwwwwwwwwwwwwwwwwwwwwwwwwwwwwwwwwwwwwwwwwwwwwwwwwwwwwwwwwwwwwwwwwwwwwwwwwwwwwwwwwwwwwwwwwwwwwwwwwwwww
129,óÈíJâ¸,wwwbbbbbwwbbwbbbwwwwwbbwwwwwwwbbwwwwwbbbbbbwbbbwbbbwwwwwwwwwwwwwwwwwwwwwwwwwwwwwwwwwwwwwwwwwwwwwwwwwwwwwwwwwwwwwwwwwwwwwwwwwwwww
130,åFñÏâ¸,wwbbwbbwwbbwwbbwwwwwwwbbbbbwwbbwwwwwwbbbbbbwbbbwbbbwwwwwwwwwwwwwwwwwwwwwwwwwwwwwwwwwwwwwwwwwwwwwwwwwwwwwwwwwwwwwwwwwwwwwwwwwwwww
131,ëÂòa,wwwbbbwwwwwbbbwwwwwwwwbbwwwbbbbbbbbwwwwwwwwwwwwwwwwwwwwwwwwwwwwwwwwwwwwwwwwwwwwwwwwwwwwwwwwwwwwwwwwwwwwwwwwwwwwwwwwwwwwwwwwwwwww
132,èHâ_,wwwbbwwwbbbwwbbwwwwwwwbbbwwwwbbbwwwwwwwwwwwwwwwwwwwwwwwwwwwwwwwwwwwwwwwwwwwwwwwwwwwwwwwwwwwwwwwwwwwwwwwwwwwwwwwwwwwwwwwwwwwwwwww
133,ó[â_,wwwwwbbbbwwwwwwwwwwwwwbbbwwwwbbbwwwwwwwwwwwwwwwwwwwwwwwwwwwwwwwwwwwwwwwwwwwwwwwwwwwwwwwwwwwwwwwwwwwwwwwwwwwwwwwwwwwwwwwwwwwwwwww
134,ä™â_,wwwwbbwwwwwwwbbwwwwwwwbbbwwwwbbbwwwwwwwwwwwwwwwwwwwwwwwwwwwwwwwwwwwwwwwwwwwwwwwwwwwwwwwwwwwwwwwwwwwwwwwwwwwwwwwwwwwwwwwwwwwwwwww
135,í∑îg,wwwbbwwwwbbbbwwwwwwbbbbbwwwbbbbbwwwwwwwwwwwwwwwwwwwwwwwwwwwwwwwwwwwwwwwwwwwwwwwwwwwwwwwwwwwwwwwwwwwwwwwwwwwwwwwwwwwwwwwwwwwwwwww
136,ëÂòaâ¸,wwwbbbwwwwwbbbwwwwwwwwbbwwwbbbbbbbbwwbbbbbbwbbbwbbbwwwwwwwwwwwwwwwwwwwwwwwwwwwwwwwwwwwwwwwwwwwwwwwwwwwwwwwwwwwwwwwwwwwwwwwwwwwww
137,à¢âÍñÏ,wbwwwwwwwwwwwwbwwwwwbbbbbbbbbbbbbwwwwwwwbbbbbwwbbwwwwwwwwwwwwwwwwwwwwwwwwwwwwwwwwwwwwwwwwwwwwwwwwwwwwwwwwwwwwwwwwwwwwwwwwwwwwwww
138,î\ë„,wbbwwwbbwbbwwwwbbwwwwbbwwwwwwwbbwbbwwwwwwwwwwwwwwwwwwwwwwwwwwwwwwwwwwwwwwwwwwwwwwwwwwwwwwwwwwwwwwwwwwwwwwwwwwwwwwwwwwwwwwwwwwwww
139,ñÓîä,wwwbbbbwwwbbbbwwwwwwbbwbbwwwwbbwbbwwwwwwwwwwwwwwwwwwwwwwwwwwwwwwwwwwwwwwwwwwwwwwwwwwwwwwwwwwwwwwwwwwwwwwwwwwwwwwwwwwwwwwwwwwwwww
140,éìı,wwbbwbbwwwwwwwwbbwwwwwbbbbbbbwwbbwwwwwwwwwwwwwwwwwwwwwwwwwwwwwwwwwwwwwwwwwwwwwwwwwwwwwwwwwwwwwwwwwwwwwwwwwwwwwwwwwwwwwwwwwwwwwww
141,å‹è\óÈâ¸ìÒ,wwwwwbbwwwwwbbwwwwwwwwwwwwbbwwwwwwwwwbwbbbbbwwbbwbbbbwwbbbbbbwbbbwbbbwwwbbbbbbbbbbbbbbbbbwwwwwwwwwwwwwwwwwwwwwwwwwwwwwwwwwwwwwww
142,àﬂä}â¸ìÒ,wwwwbbwbbbbwbbbwwwwwwwwbbwwwbbwwwwwwwbbbbbbwbbbwbbbwwwbbbbbbbbbbbbbbbbbwwwwwwwwwwwwwwwwwwwwwwwwwwwwwwwwwwwwwwwwwwwwwwwwwwwwwwwww
143,ïêë†,wwbbwbbbbbbwbbwbbwwbbwbbbbbbbbbbwbbwwwwwwwwwwwwwwwwwwwwwwwwwwwwwwwwwwwwwwwwwwwwwwwwwwwwwwwwwwwwwwwwwwwwwwwwwwwwwwwwwwwwwwwwwwwww
144,ó[óßâ¸ìÒ,wwwwwbbbbwwwwwwwwwwwwwwwwwwbbwwwwwwwwbbbbbbwbbbwbbbwwwbbbbbbbbbbbbbbbbbwwwwwwwwwwwwwwwwwwwwwwwwwwwwwwwwwwwwwwwwwwwwwwwwwwwwwwwww
145,éûâJâ¸ìÒ,wbbbbbwwwbbwwbbwwwwbbwwwbwbwwwbwbbwwwbbbbbbwbbbwbbbwwwbbbbbbbbbbbbbbbbbwwwwwwwwwwwwwwwwwwwwwwwwwwwwwwwwwwwwwwwwwwwwwwwwwwwwwwwww
146,ñÿë\â¸ìÒ,bbbwwwwwbbwwwwbbbwwwwbbbbbbbbbbbwwwwwbbbbbbwbbbwbbbwwwbbbbbbbbbbbbbbbbbwwwwwwwwwwwwwwwwwwwwwwwwwwwwwwwwwwwwwwwwwwwwwwwwwwwwwwwww
147,ÑBÑuÑÇÑ~ÑçÑz,wwwwwbbbbbbbbwwwwwwwwwwbbbwwwbbwwwwwwwwwbbbbwbbbbwwwwwwwwwbbwwwwwbbwwwwwwwwbbbbbbbwwbbwwwwwwwwbbbwwwwbbwwwwwwwwwwwwwwwwwwwwwwwww
148,ïêë†â¸,wwbbwbbbbbbwbbwbbwwbbwbbbbbbbbbbwbbwwbbbbbbwbbbwbbbwwwwwwwwwwwwwwwwwwwwwwwwwwwwwwwwwwwwwwwwwwwwwwwwwwwwwwwwwwwwwwwwwwwwwwwwwwwww
149,ã‡çÑâ¸ìÒ,wwwwbbwwbbwbbwwwwwwbwbwwwwwbbwwwwbbwwbbbbbbwbbbwbbbwwwbbbbbbbbbbbbbbbbbwwwwwwwwwwwwwwwwwwwwwwwwwwwwwwwwwwwwwwwwwwwwwwwwwwwwwwwww
150,î‰âbâ¸ìÒ,wwbbbbbbbbbwwwwbbwwbbbbbbbbwwbbbbbwwwbbbbbbwbbbwbbbwwwbbbbbbbbbbbbbbbbbwwwwwwwwwwwwwwwwwwwwwwwwwwwwwwwwwwwwwwwwwwwwwwwwwwwwwwwww
151,êYñºâ¸ìÒ,wwbbwwwbbbbbbbbwwwwwwwwbbwwwwwwwbbwwwbbbbbbwbbbwbbbwwwbbbbbbbbbbbbbbbbbwwwwwwwwwwwwwwwwwwwwwwwwwwwwwwwwwwwwwwwwwwwwwwwwwwwwwwwww
152,ñ∂ìáâ¸ìÒ,wbbwbwwwwwbbwwbbwwwbbwwwbwwwbbwwbbwwwbbbbbbwbbbwbbbwwwbbbbbbbbbbbbbbbbbwwwwwwwwwwwwwwwwwwwwwwwwwwwwwwwwwwwwwwwwwwwwwwwwwwwwwwwww
153,ëÂñP,wwwbbbwwwwwbbbwwwwwbbbbwbwbwbwbwbwbwwwwwwwwwwwwwwwwwwwwwwwwwwwwwwwwwwwwwwwwwwwwwwwwwwwwwwwwwwwwwwwwwwwwwwwwwwwwwwwwwwwwwwwwwwwww
154,çÅéÊ,wwwbbwwwwwwwbbwwwwbbbwwwbbwwbbbbbwwwwwwwwwwwwwwwwwwwwwwwwwwwwwwwwwwwwwwwwwwwwwwwwwwwwwwwwwwwwwwwwwwwwwwwwwwwwwwwwwwwwwwwwwwwwwww
155,à…401,wwbbwwwwbbwwwwwwwwwwwwwwwbbwwwwwbbbwbbbwwwwwwwwbbwwwwwwwwwwwwwwwwwwwwwwwwwwwwwwwwwwwwwwwwwwwwwwwwwwwwwwwwwwwwwwwwwwwwwwwwwwwwwww
156,ëÂñPâ¸,wwwbbbwwwwwbbbwwwwwbbbbwbwbwbwbwbwbwwbbbbbbwbbbwbbbwwwwwwwwwwwwwwwwwwwwwwwwwwwwwwwwwwwwwwwwwwwwwwwwwwwwwwwwwwwwwwwwwwwwwwwwwwwww
157,ó¥Èàâ¸ìÒ,wbbwwwbbwbbbbbbbwwbbbwbwbbbbbwwbbbwwwbbbbbbwbbbwbbbwwwbbbbbbbbbbbbbbbbbwwwwwwwwwwwwwwwwwwwwwwwwwwwwwwwwwwwwwwwwwwwwwwwwwwwwwwwww
158,êÏì‡â¸ìÒ,wbbwwwwwbbwwwbbwwwwbbwwwwwwwwwwwbbwwwbbbbbbwbbbwbbbwwwbbbbbbbbbbbbbbbbbwwwwwwwwwwwwwwwwwwwwwwwwwwwwwwwwwwwwwwwwwwwwwwwwwwwwwwwww
159,ê_í â¸ìÒ,wwwbbwwwwwwbbwwwwwwwbbbwbwwwbbwbbbwwwbbbbbbwbbbwbbbwwwbbbbbbbbbbbbbbbbbwwwwwwwwwwwwwwwwwwwwwwwwwwwwwwwwwwwwwwwwwwwwwwwwwwwwwwwww
160,ìﬂâœâ¸ìÒ,wbbwwwwbwwbbbbbbwwbbbwwwwwwwwwwwbbwwwbbbbbbwbbbwbbbwwwbbbbbbbbbbbbbbbbbwwwwwwwwwwwwwwwwwwwwwwwwwwwwwwwwwwwwwwwwwwwwwwwwwwwwwwwww
161,Ç†Ç´Ç¬ä€,wbbbbbbbwwwwwbbwwwwwwbbwwwwwwwwwwwwwwwwwwbbbbbbbbbwwwwwwbbbwwwwwwbbwwbbwwwwwwwwwwwwwwwwwwwwwwwwwwwwwwwwwwwwwwwwwwwwwwwwwwwwwwwww
163,Ç‹ÇÈÇ‰,wwbbwwwwbbwbbbbwwwwwwwbbwwwwbbbbbwwwwwwwwwwwbbbbwwwwwwwwwwwwwwwwwwwwwwwwwwwwwwwwwwwwwwwwwwwwwwwwwwwwwwwwwwwwwwwwwwwwwwwwwwwwwwww
164,ñÌê∂,wwwwbbwwwwwbbwwbwwwwwwwwwwbbwwwwwwwwwwwwwwwwwwwwwwwwwwwwwwwwwwwwwwwwwwwwwwwwwwwwwwwwwwwwwwwwwwwwwwwwwwwwwwwwwwwwwwwwwwwwwwwwwwww
165,âKåé,wwwwwbbwwbbwwbbwwwwwbbwwwwwwwwbbwwwwwwwwwwwwwwwwwwwwwwwwwwwwwwwwwwwwwwwwwwwwwwwwwwwwwwwwwwwwwwwwwwwwwwwwwwwwwwwwwwwwwwwwwwwwwwww
166,Ç†Ç´Ç¬ä€â¸,wbbbbbbbwwwwwbbwwwwwwbbwwwwwwwwwwwwwwwwwwbbbbbbbbbwwwwwwbbbwwwwwwbbwwbbwwbbbbbbwbbbwbbbwwwwwwwwwwwwwwwwwwwwwwwwwwwwwwwwwwwwwwwww
167,àÈïó,wbbbbbwbwbbwbbwwbwwbbwwwwbbbbbbwbwbwwwwwwwwwwwwwwwwwwwwwwwwwwwwwwwwwwwwwwwwwwwwwwwwwwwwwwwwwwwwwwwwwwwwwwwwwwwwwwwwwwwwwwwwwwwww
168,âYïó,wwbbwbbwwwbbwwbbwwwbbwwwwbbbbbbwbwbwwwwwwwwwwwwwwwwwwwwwwwwwwwwwwwwwwwwwwwwwwwwwwwwwwwwwwwwwwwwwwwwwwwwwwwwwwwwwwwwwwwwwwwwwwwww
169,íJïó,wwwbbwwwwwwwbbwwwwwbbwwwwbbbbbbwbwbwwwwwwwwwwwwwwwwwwwwwwwwwwwwwwwwwwwwwwwwwwwwwwwwwwwwwwwwwwwwwwwwwwwwwwwwwwwwwwwwwwwwwwwwwwwww
170,ïlïó,wwbbwwwbbwwwwbbwwwwbbwwwwbbbbbbwbwbwwwwwwwwwwwwwwwwwwwwwwwwwwwwwwwwwwwwwwwwwwwwwwwwwwwwwwwwwwwwwwwwwwwwwwwwwwwwwwwwwwwwwwwwwwwww
171,Bismarck,wbbbbbbbbbwwwbbbwwbbbwbbbwwwbbwwwwbbbwwwwbbwwwbbbwbbbbwwwbbwwwwwwbbbwwbbwwbbwwwbbbwwwwwwwwwwwwwwwwwwwwwwwwwwwwwwwwwwwwwwwwwwwwww
172,Bismarckâ¸,wbbbbbbbbbwwwbbbwwbbbwbbbwwwbbwwwwbbbwwwwbbwwwbbbwbbbbwwwbbwwwwwwbbbwwbbwwbbwwwbbbwwbbbbbbwbbbwbbbwwwwwwwwwwwwwwwwwwwwwwwwwwwwww
173,Bismarck_zwei,wbbbbbbbbbwwwbbbwwbbbwbbbwwwbbwwwwbbbwwwwbbwwwbbbwbbbbwwwbbwwwwwwbbbwwbbwwbbwwwbbbwwwwwwbbbbbbbbbwwwbbbbwwwwbbbwwwwwbbbbwbbbwwwb
174,Z1,bbbbbbbbbbbwwwwwwbbwwwwwwwwwwwwwwwwwwwwwwwwwwwwwwwwwwwwwwwwwwwwwwwwwwwwwwwwwwwwwwwwwwwwwwwwwwwwwwwwwwwwwwwwwwwwwwwwwwwwwwwwwwwww
175,Z3,bbbbbbbbbbbwwwbbwbbbbwwwwwwwwwwwwwwwwwwwwwwwwwwwwwwwwwwwwwwwwwwwwwwwwwwwwwwwwwwwwwwwwwwwwwwwwwwwwwwwwwwwwwwwwwwwwwwwwwwwwwwwwwww
176,Prinz_Eugen,wbbbwwwwwwwwwbbwwwwwbbbwwwbbwwwwbbbwwbbbbbbbbwwwwwwwbbbbbbbbbwwbbbwbbbbbwwwbbbbbbbbbwwwwbbbbwbbbwwwbbwwwwbbbwwwwwwwwwwwwwwwwwwww
177,Prinz_Eugenâ¸,wbbbwwwwwwwwwbbwwwwwbbbwwwbbwwwwbbbwwbbbbbbbbwwwwwwwbbbbbbbbbwwbbbwbbbbbwwwbbbbbbbbbwwwwbbbbwbbbwwwbbwwwwbbbwwwbbbbbbwbbbbbbwwww
178,Bismarck_drei,wbbbbbbbbbwwwbbbwwbbbwbbbwwwbbwwwwbbbwwwwbbwwwbbbwbbbbwwwbbwwwwwwbbbwwbbwwbbwwwbbbwwwwwwwbbbbbbbbbwwwwbbwwwwwbbbbwbbbwwwbbwwwwww
179,Z1_zwei,bbbbbbbbbbbwwwwwwbbwwwwwwwwwwbbbbbbbbwwwwbbbbwwwwbbbwwwwwbbbbwbbbwwwbbwwwwwwwwwwwwwwwwwwwwwwwwwwwwwwwwwwwwwwwwwwwwwwwwwwwwwwwwww
180,Z3_zwei,bbbbbbbbbbbwwwbbwbbbbwwwwwwwwbbbbbbbbwwwwbbbbwwwwbbbwwwwwbbbbwbbbwwwbbwwwwwwwwwwwwwwwwwwwwwwwwwwwwwwwwwwwwwwwwwwwwwwwwwwwwwwwwww
181,ìVí√ïó,wwwbbbwwwwwbbbwwwwwwbbwbbbbbbbbbbbbwwbbwwwwbbbbbbwbwbwwwwwwwwwwwwwwwwwwwwwwwwwwwwwwwwwwwwwwwwwwwwwwwwwwwwwwwwwwwwwwwwwwwwwwwwwww
182,ñæêŒ,wbbwwwwbbwwwwwwbwwwwwwbbwwwwwwwwbbwwwwwwwwwwwwwwwwwwwwwwwwwwwwwwwwwwwwwwwwwwwwwwwwwwwwwwwwwwwwwwwwwwwwwwwwwwwwwwwwwwwwwwwwwwwwww
183,ëÂóÑ,wwwbbbwwwwwbbbwwwwwwbbwbbbbbbbwwwwwwwwwwwwwwwwwwwwwwwwwwwwwwwwwwwwwwwwwwwwwwwwwwwwwwwwwwwwwwwwwwwwwwwwwwwwwwwwwwwwwwwwwwwwwwwwww
184,ëÂå~,wwwbbbwwwwwbbbwwwwwbwbwbwbbbwwbwwbbwwwwwwwwwwwwwwwwwwwwwwwwwwwwwwwwwwwwwwwwwwwwwwwwwwwwwwwwwwwwwwwwwwwwwwwwwwwwwwwwwwwwwwwwwwwww
185,ó¥ñP,wbbwwwbbwbbbbbbbwwwbbbbwbwbwbwbwbwbwwwwwwwwwwwwwwwwwwwwwwwwwwwwwwwwwwwwwwwwwwwwwwwwwwwwwwwwwwwwwwwwwwwwwwwwwwwwwwwwwwwwwwwwwwwww
186,éûí√ïó,wbbbbbwwwbbwwbbwwwwwbbwbbbbbbbbbbbbwwbbwwwwbbbbbbwbwbwwwwwwwwwwwwwwwwwwwwwwwwwwwwwwwwwwwwwwwwwwwwwwwwwwwwwwwwwwwwwwwwwwwwwwwwwww
187,ñæêŒâ¸,wbbwwwwbbwwwwwwbwwwwwwbbwwwwwwwwbbwwwbbbbbbwbbbwbbbwwwwwwwwwwwwwwwwwwwwwwwwwwwwwwwwwwwwwwwwwwwwwwwwwwwwwwwwwwwwwwwwwwwwwwwwwwwww
188,óòç™â¸ìÒ,wbwwbbwwwwwwwwbbwwwwwbbwwwbwwwbbbwwwwbbbbbbwbbbwbbbwwwbbbbbbbbbbbbbbbbbwwwwwwwwwwwwwwwwwwwwwwwwwwwwwwwwwwwwwwwwwwwwwwwwwwwwwwwww
189,í}ñÄâ¸ìÒ,bbbbbwbbbwwwwbbwbwbbbbbbbbbbbbbbbbbwwbbbbbbwbbbwbbbwwwbbbbbbbbbbbbbbbbbwwwwwwwwwwwwwwwwwwwwwwwwwwwwwwwwwwwwwwwwwwwwwwwwwwwwwwwww
190,èâïó,wwwbbwwbbbwwwwbbwwwbbwwwwbbbbbbwbwbwwwwwwwwwwwwwwwwwwwwwwwwwwwwwwwwwwwwwwwwwwwwwwwwwwwwwwwwwwwwwwwwwwwwwwwwwwwwwwwwwwwwwwwwwwwww
191,à…19,wwbbwwwwbbwwwwwwwwwwwwwbbwwwwwwwwbbbbbwwwwwwwwwwwwwwwwwwwwwwwwwwwwwwwwwwwwwwwwwwwwwwwwwwwwwwwwwwwwwwwwwwwwwwwwwwwwwwwwwwwwwwwwww
192,ìﬂíqâ¸ìÒ,wbbwwwwbwwbbbbbbwwwwwbwwwwwwwwwbbwwwwbbbbbbwbbbwbbbwwwbbbbbbbbbbbbbbbbbwwwwwwwwwwwwwwwwwwwwwwwwwwwwwwwwwwwwwwwwwwwwwwwwwwwwwwwww
193,ë´ïøâ¸ìÒ,wwbbwbbbbbwwwwwwwwwwwbbwwbbwwwwwwbbwwbbbbbbwbbbwbbbwwwbbbbbbbbbbbbbbbbbwwwwwwwwwwwwwwwwwwwwwwwwwwwwwwwwwwwwwwwwwwwwwwwwwwwwwwwww
194,âHçïâ¸ìÒ,wwwwwwbbwwwwwwbbwwwwbbwbbwwbbwwbbwwwwbbbbbbwbbbwbbbwwwbbbbbbbbbbbbbbbbbwwwwwwwwwwwwwwwwwwwwwwwwwwwwwwwwwwwwwwwwwwwwwwwwwwwwwwwww
195,àªîgâ¸ìÒ,bbwbbbbwwwbbbwwwwwwbbbbbwwwbbbbbwwwwwbbbbbbwbbbwbbbwwwbbbbbbbbbbbbbbbbbwwwwwwwwwwwwwwwwwwwwwwwwwwwwwwwwwwwwwwwwwwwwwwwwwwwwwwwww
196,îÚó¥â¸ìÒ,wwbbwwwbbwwwbbwbwwwbbwwwbbwbbbbbbbwwwbbbbbbwbbbwbbbwwwbbbbbbbbbbbbbbbbbwwwwwwwwwwwwwwwwwwwwwwwwwwwwwwwwwwwwwwwwwwwwwwwwwwwwwwwww
197,ëìó¥â¸ìÒ,wwbbbbbbbbbbbbbwwwwbbwwwbbwbbbbbbbwwwbbbbbbwbbbwbbbwwwbbbbbbbbbbbbbbbbbwwwwwwwwwwwwwwwwwwwwwwwwwwwwwwwwwwwwwwwwwwwwwwwwwwwwwwwww
199,ëÂí™â¸ìÒ,wwwbbbwwwwwbbbwwwwwbbwwwbbwwbbwwwbbwwbbbbbbwbbbwbbbwwwbbbbbbbbbbbbbbbbbwwwwwwwwwwwwwwwwwwwwwwwwwwwwwwwwwwwwwwwwwwwwwwwwwwwwwwwww
200,à¢ïêåGâ¸ìÒ,wbwwwwwwwwwwwwbwwwwwbbwwbbbbbwbbwbbwwbbwwwwbbwwwbbbwwwwbbbbbbwbbbwbbbwwwbbbbbbbbbbbbbbbbbwwwwwwwwwwwwwwwwwwwwwwwwwwwwwwwwwwwwwww
201,êÅê·â¸,wwwwwwwbbbwwwbbwwwwwwwwwwwwwwwwbbwwwwbbbbbbwbbbwbbbwwwwwwwwwwwwwwwwwwwwwwwwwwwwwwwwwwwwwwwwwwwwwwwwwwwwwwwwwwwwwwwwwwwwwwwwwwwww
202,îíê·â¸,wwbbwwwwwwwwwwbbwwwwwwwwwwwwwwwbbwwwwbbbbbbwbbbwbbbwwwwwwwwwwwwwwwwwwwwwwwwwwwwwwwwwwwwwwwwwwwwwwwwwwwwwwwwwwwwwwwwwwwwwwwwwwwww
203,èâê·â¸,wwwbbwwbbbwwwwbbwwwwwwwwwwwwwwwbbwwwwbbbbbbwbbbwbbbwwwwwwwwwwwwwwwwwwwwwwwwwwwwwwwwwwwwwwwwwwwwwwwwwwwwwwwwwwwwwwwwwwwwwwwwwwwww
204,ê[ê·â¸,wwbbwbbbwwbbwbbbwwwwwwwwwwwwwwwbbwwwwbbbbbbwbbbwbbbwwwwwwwwwwwwwwwwwwwwwwwwwwwwwwwwwwwwwwwwwwwwwwwwwwwwwwwwwwwwwwwwwwwwwwwwwwwww
205,ëpâ_â¸,wwbwwwbbwwbbbbwwwwwwwwbbbwwwwbbbwwwwwbbbbbbwbbbwbbbwwwwwwwwwwwwwwwwwwwwwwwwwwwwwwwwwwwwwwwwwwwwwwwwwwwwwwwwwwwwwwwwwwwwwwwwwwwww
206,àÈîgâ¸,wbbbbbwbwbbwbbwwbwwbbbbbwwwbbbbbwwwwwbbbbbbwbbbwbbbwwwwwwwwwwwwwwwwwwwwwwwwwwwwwwwwwwwwwwwwwwwwwwwwwwwwwwwwwwwwwwwwwwwwwwwwwwwww
207,àªîgâ¸,bbwbbbbwwwbbbwwwwwwbbbbbwwwbbbbbwwwwwbbbbbbwbbbwbbbwwwwwwwwwwwwwwwwwwwwwwwwwwwwwwwwwwwwwwwwwwwwwwwwwwwwwwwwwwwwwwwwwwwwwwwwwwwww
208,ï~îgâ¸,wwbbwwwbbwwbbbbwwwwbbbbbwwwbbbbbwwwwwbbbbbbwbbbwbbbwwwwwwwwwwwwwwwwwwwwwwwwwwwwwwwwwwwwwwwwwwwwwwwwwwwwwwwwwwwwwwwwwwwwwwwwwwwww
209,ã‡çÑâ¸,wwwwbbwwbbwbbwwwwwwbwbwwwwwbbwwwwbbwwbbbbbbwbbbwbbbwwwwwwwwwwwwwwwwwwwwwwwwwwwwwwwwwwwwwwwwwwwwwwwwwwwwwwwwwwwwwwwwwwwwwwwwwwwww
210,î‰âbâ¸,wwbbbbbbbbbwwwwbbwwbbbbbbbbwwbbbbbwwwbbbbbbwbbbwbbbwwwwwwwwwwwwwwwwwwwwwwwwwwwwwwwwwwwwwwwwwwwwwwwwwwwwwwwwwwwwwwwwwwwwwwwwwwwww
211,êYñºâ¸,wwbbwwwbbbbbbbbwwwwwwwwbbwwwwwwwbbwwwbbbbbbwbbbwbbbwwwwwwwwwwwwwwwwwwwwwwwwwwwwwwwwwwwwwwwwwwwwwwwwwwwwwwwwwwwwwwwwwwwwwwwwwwwww
212,ñ∂ìáâ¸,wbbwbwwwwwbbwwbbwwwbbwwwbwwwbbwwbbwwwbbbbbbwbbbwbbbwwwwwwwwwwwwwwwwwwwwwwwwwwwwwwwwwwwwwwwwwwwwwwwwwwwwwwwwwwwwwwwwwwwwwwwwwwwww
213,ìVó¥â¸,wwwbbbwwwwwbbbwwwwwbbwwwbbwbbbbbbbwwwbbbbbbwbbbwbbbwwwwwwwwwwwwwwwwwwwwwwwwwwwwwwwwwwwwwwwwwwwwwwwwwwwwwwwwwwwwwwwwwwwwwwwwwwwww
214,ó¥ìcâ¸,wbbwwwbbwbbbbbbbwwwbbbbbbbbbbbbbbbwwwbbbbbbwbbbwbbbwwwwwwwwwwwwwwwwwwwwwwwwwwwwwwwwwwwwwwwwwwwwwwwwwwwwwwwwwwwwwwwwwwwwwwwwwwwww
215,ãÖñÅâ¸,bwwwwbbbwwbbwwbbbwbbbbbbbwwwwwwwbbwwwbbbbbbwbbbwbbbwwwwwwwwwwwwwwwwwwwwwwwwwwwwwwwwwwwwwwwwwwwwwwwwwwwwwwwwwwwwwwwwwwwwwwwwwwwww
216,ëΩñÄâ¸,wwwwwwwwbbbbwwwwwwbbbbbbbbbbbbbbbbbwwbbbbbbwbbbwbbbwwwwwwwwwwwwwwwwwwwwwwwwwwwwwwwwwwwwwwwwwwwwwwwwwwwwwwwwwwwwwwwwwwwwwwwwwwwww
217,ñÿë\â¸,bbbwwwwwbbwwwwbbbwwwwbbbbbbbbbbbwwwwwbbbbbbwbbbwbbbwwwwwwwwwwwwwwwwwwwwwwwwwwwwwwwwwwwwwwwwwwwwwwwwwwwwwwwwwwwwwwwwwwwwwwwwwwwww
218,í∑ó«â¸,wwwbbwwwwbbbbwwwwwwwwbbwwwbbbbbwwwwwwbbbbbbwbbbwbbbwwwwwwwwwwwwwwwwwwwwwwwwwwwwwwwwwwwwwwwwwwwwwwwwwwwwwwwwwwwwwwwwwwwwwwwwwwwww
219,å‹è\óÈâ¸,wwwwwbbwwwwwbbwwwwwwwwwwwwbbwwwwwwwwwbwbbbbbwwbbwbbbbwwbbbbbbwbbbwbbbwwwwwwwwwwwwwwwwwwwwwwwwwwwwwwwwwwwwwwwwwwwwwwwwwwwwwwwwwww
220,óRó«â¸,wbbwwwwbbwwwwwbbwwwwwbbwwwbbbbbwwwwwwbbbbbbwbbbwbbbwwwwwwwwwwwwwwwwwwwwwwwwwwwwwwwwwwwwwwwwwwwwwwwwwwwwwwwwwwwwwwwwwwwwwwwwwwwww
221,ñºéÊâ¸,wwwwwbbwwwwwwwbbwwbbbwwwbbwwbbbbbwwwwbbbbbbwbbbwbbbwwwwwwwwwwwwwwwwwwwwwwwwwwwwwwwwwwwwwwwwwwwwwwwwwwwwwwwwwwwwwwwwwwwwwwwwwwwww
222,êÏì‡â¸,wbbwwwwwbbwwwbbwwwwbbwwwwwwwwwwwbbwwwbbbbbbwbbbwbbbwwwwwwwwwwwwwwwwwwwwwwwwwwwwwwwwwwwwwwwwwwwwwwwwwwwwwwwwwwwwwwwwwwwwwwwwwwwww
223,ê_í â¸,wwwbbwwwwwwbbwwwwwwwbbbwbwwwbbwbbbwwwbbbbbbwbbbwbbbwwwwwwwwwwwwwwwwwwwwwwwwwwwwwwwwwwwwwwwwwwwwwwwwwwwwwwwwwwwwwwwwwwwwwwwwwwwww
224,ìﬂâœâ¸,wbbwwwwbwwbbbbbbwwbbbwwwwwwwwwwwbbwwwbbbbbbwbbbwbbbwwwwwwwwwwwwwwwwwwwwwwwwwwwwwwwwwwwwwwwwwwwwwwwwwwwwwwwwwwwwwwwwwwwwwwwwwwwww
225,ózâäâ¸,wbwwwwwbbbwbbwbbwwwwwwwbbwwwbbbwwwwwwbbbbbbwbbbwbbbwwwwwwwwwwwwwwwwwwwwwwwwwwwwwwwwwwwwwwwwwwwwwwwwwwwwwwwwwwwwwwwwwwwwwwwwwwwww
226,ïsímâŒâ¸,wwwwwwwbbwwwwwwwwwwwbbwwbbbbbbbbbbbwwwwbbbwwwwwbbbwwwwwbbbbbbwbbbwbbbwwwwwwwwwwwwwwwwwwwwwwwwwwwwwwwwwwwwwwwwwwwwwwwwwwwwwwwwwww
227,çïí™â¸,wwbbwbbwwbbwwbbwwwwbbwwwbbwwbbwwwbbwwbbbbbbwbbbwbbbwwwwwwwwwwwwwwwwwwwwwwwwwwwwwwwwwwwwwwwwwwwwwwwwwwwwwwwwwwwwwwwwwwwwwwwwwwwww
228,ê·ïóâ¸,wwwwwwwwwwwwwbbwwwwbbwwwwbbbbbbwbwbwwbbbbbbwbbbwbbbwwwwwwwwwwwwwwwwwwwwwwwwwwwwwwwwwwwwwwwwwwwwwwwwwwwwwwwwwwwwwwwwwwwwwwwwwwwww
229,ìáïóâ¸,wbbwwwbwwwbbwwbbwwwbbwwwwbbbbbbwbwbwwbbbbbbwbbbwbbbwwwwwwwwwwwwwwwwwwwwwwwwwwwwwwwwwwwwwwwwwwwwwwwwwwwwwwwwwwwwwwwwwwwwwwwwwwwww
230,ûOâ¸,wbwwbbbbwwbbbbbbbwwbbbbbbwbbbwbbbwwwwwwwwwwwwwwwwwwwwwwwwwwwwwwwwwwwwwwwwwwwwwwwwwwwwwwwwwwwwwwwwwwwwwwwwwwwwwwwwwwwwwwwwwwwwwww
231,èåâ¸,wbbbbwwwbbbbbbbbwwwbbbbbbwbbbwbbbwwwwwwwwwwwwwwwwwwwwwwwwwwwwwwwwwwwwwwwwwwwwwwwwwwwwwwwwwwwwwwwwwwwwwwwwwwwwwwwwwwwwwwwwwwwwwww
232,ó¯â¸,wbbwwbbbwwwbbwwwwwwbbbbbbwbbbwbbbwwwwwwwwwwwwwwwwwwwwwwwwwwwwwwwwwwwwwwwwwwwwwwwwwwwwwwwwwwwwwwwwwwwwwwwwwwwwwwwwwwwwwwwwwwwwwww
233,í™â¸,wbbwwwbbwwbbwwwbbwwbbbbbbwbbbwbbbwwwwwwwwwwwwwwwwwwwwwwwwwwwwwwwwwwwwwwwwwwwwwwwwwwwwwwwwwwwwwwwwwwwwwwwwwwwwwwwwwwwwwwwwwwwwwww
234,ã≈â¸,wbwwwwwbbwwwbwwbbwwbbbbbbwbbbwbbbwwwwwwwwwwwwwwwwwwwwwwwwwwwwwwwwwwwwwwwwwwwwwwwwwwwwwwwwwwwwwwwwwwwwwwwwwwwwwwwwwwwwwwwwwwwwwww
235,ãøâ¸,wwwbbbbbbbbbbbwwwwwbbbbbbwbbbwbbbwwwwwwwwwwwwwwwwwwwwwwwwwwwwwwwwwwwwwwwwwwwwwwwwwwwwwwwwwwwwwwwwwwwwwwwwwwwwwwwwwwwwwwwwwwwwwww
236,óãâ¸,wwbbwwwwbwwwwbbwwwwbbbbbbwbbbwbbbwwwwwwwwwwwwwwwwwwwwwwwwwwwwwwwwwwwwwwwwwwwwwwwwwwwwwwwwwwwwwwwwwwwwwwwwwwwwwwwwwwwwwwwwwwwwwww
237,ìdâ¸,wwbbbbbbbbbbbbbbwwwbbbbbbwbbbwbbbwwwwwwwwwwwwwwwwwwwwwwwwwwwwwwwwwwwwwwwwwwwwwwwwwwwwwwwwwwwwwwwwwwwwwwwwwwwwwwwwwwwwwwwwwwwwwww
238,èâètâ¸,wwwbbwwbbbwwwwbbwwwwwwbbwwwwwwbbwwwwwbbbbbbwbbbwbbbwwwwwwwwwwwwwwwwwwwwwwwwwwwwwwwwwwwwwwwwwwwwwwwwwwwwwwwwwwwwwwwwwwwwwwwwwwwww
239,éqì˙â¸,wwwwwwwwbbwwwwwwwwwwbbwwwwwwwwwbbwwwwbbbbbbwbbbwbbbwwwwwwwwwwwwwwwwwwwwwwwwwwwwwwwwwwwwwwwwwwwwwwwwwwwwwwwwwwwwwwwwwwwwwwwwwwwww
240,é·ótâ¸,wwwbbwwwwwwwwbbwwwwwwwbbbbbbbbbwwwwwwbbbbbbwbbbwbbbwwwwwwwwwwwwwwwwwwwwwwwwwwwwwwwwwwwwwwwwwwwwwwwwwwwwwwwwwwwwwwwwwwwwwwwwwwwww
241,èâëöâ¸,wwwbbwwbbbwwwwbbwwwbbbbwbbbbbbbbbbwwwbbbbbbwbbbwbbbwwwwwwwwwwwwwwwwwwwwwwwwwwwwwwwwwwwwwwwwwwwwwwwwwwwwwwwwwwwwwwwwwwwwwwwwwwwww
242,îíòIâ¸,wwbbwwwwwwwwwwbbwwwbbwbwwwbbwwwwbbwwwbbbbbbwbbbwbbbwwwwwwwwwwwwwwwwwwwwwwwwwwwwwwwwwwwwwwwwwwwwwwwwwwwwwwwwwwwwwwwwwwwwwwwwwwwww
243,éûâJâ¸,wbbbbbwwwbbwwbbwwwwbbwwwbwbwwwbwbbwwwbbbbbbwbbbwbbbwwwwwwwwwwwwwwwwwwwwwwwwwwwwwwwwwwwwwwwwwwwwwwwwwwwwwwwwwwwwwwwwwwwwwwwwwwwww
244,ë∫âJâ¸,wwwbbwwwwwwwwbbwwwwbbwwwbwbwwwbwbbwwwbbbbbbwbbbwbbbwwwwwwwwwwwwwwwwwwwwwwwwwwwwwwwwwwwwwwwwwwwwwwwwwwwwwwwwwwwwwwwwwwwwwwwwwwwww
245,ó[óßâ¸,wwwwwbbbbwwwwwwwwwwwwwwwwwwbbwwwwwwwwbbbbbbwbbbwbbbwwwwwwwwwwwwwwwwwwwwwwwwwwwwwwwwwwwwwwwwwwwwwwwwwwwwwwwwwwwwwwwwwwwwwwwwwwwww
246,å‹åéâJâ¸,wwwwwbbwwwwwbbwwwwwwbbwwwwwwwwbbwwwwwbbwwwbbbwwwbwbbwwwbbbbbbwbbbwbbbwwwwwwwwwwwwwwwwwwwwwwwwwwwwwwwwwwwwwwwwwwwwwwwwwwwwwwwwwww
247,ó¡ïóâ¸,wwbbwbbwwwbbwwbbbwwbbwwwwbbbbbbwbwbwwbbbbbbwbbbwbbbwwwwwwwwwwwwwwwwwwwwwwwwwwwwwwwwwwwwwwwwwwwwwwwwwwwwwwwwwwwwwwwwwwwwwwwwwwwww
248,í©í™â¸,bbbbbbbbbbbwwwwbbwwbbwwwbbwwbbwwwbbwwbbbbbbwbbbwbbbwwwwwwwwwwwwwwwwwwwwwwwwwwwwwwwwwwwwwwwwwwwwwwwwwwwwwwwwwwwwwwwwwwwwwwwwwwwww
249,ëÂí™â¸,wwwbbbwwwwwbbbwwwwwbbwwwbbwwbbwwwbbwwbbbbbbwbbbwbbbwwwwwwwwwwwwwwwwwwwwwwwwwwwwwwwwwwwwwwwwwwwwwwwwwwwwwwwwwwwwwwwwwwwwwwwwwwwww
250,ñûí™â¸,wbbwwbbbbbbbbbwbbwwbbwwwbbwwbbwwwbbwwbbbbbbwbbbwbbbwwwwwwwwwwwwwwwwwwwwwwwwwwwwwwwwwwwwwwwwwwwwwwwwwwwwwwwwwwwwwwwwwwwwwwwwwwwww
251,çrí™â¸,wwwbbwwwbwwwbbwbbwwbbwwwbbwwbbwwwbbwwbbbbbbwbbbwbbbwwwwwwwwwwwwwwwwwwwwwwwwwwwwwwwwwwwwwwwwwwwwwwwwwwwwwwwwwwwwwwwwwwwwwwwwwwwww
252,Ë≈â¸,wbbbbbbbwwwbbbwwwwwbbbbbbwbbbwbbbwwwwwwwwwwwwwwwwwwwwwwwwwwwwwwwwwwwwwwwwwwwwwwwwwwwwwwwwwwwwwwwwwwwwwwwwwwwwwwwwwwwwwwwwwwwwwww
253,â‡â¸,wbbwwwwwwwbbbbbwwwwbbbbbbwbbbwbbbwwwwwwwwwwwwwwwwwwwwwwwwwwwwwwwwwwwwwwwwwwwwwwwwwwwwwwwwwwwwwwwwwwwwwwwwwwwwwwwwwwwwwwwwwwwwwww
254,ñråéâ¸,wbbbbbwwwwwbwwwwwwwwbbwwwwwwwwbbwwwwwbbbbbbwbbbwbbbwwwwwwwwwwwwwwwwwwwwwwwwwwwwwwwwwwwwwwwwwwwwwwwwwwwwwwwwwwwwwwwwwwwwwwwwwwwww
255,î@åéâ¸,wwwbbwbbwbbbbbbbbwwwbbwwwwwwwwbbwwwwwbbbbbbwbbbwbbbwwwwwwwwwwwwwwwwwwwwwwwwwwwwwwwwwwwwwwwwwwwwwwwwwwwwwwwwwwwwwwwwwwwwwwwwwwwww
256,éHåéâ¸,bbbbbbbbbbbbbbbbbwwwbbwwwwwwwwbbwwwwwbbbbbbwbbbwbbbwwwwwwwwwwwwwwwwwwwwwwwwwwwwwwwwwwwwwwwwwwwwwwwwwwwwwwwwwwwwwwwwwwwwwwwwwwwww
257,ï∂åéâ¸,wwwwbbbbwwbbbwwwwwwwbbwwwwwwwwbbwwwwwbbbbbbwbbbwbbbwwwwwwwwwwwwwwwwwwwwwwwwwwwwwwwwwwwwwwwwwwwwwwwwwwwwwwwwwwwwwwwwwwwwwwwwwwwww
258,í∑åéâ¸,wwwbbwwwwbbbbwwwwwwwbbwwwwwwwwbbwwwwwbbbbbbwbbbwbbbwwwwwwwwwwwwwwwwwwwwwwwwwwwwwwwwwwwwwwwwwwwwwwwwwwwwwwwwwwwwwwwwwwwwwwwwwwwww
259,ãeåéâ¸,wwwbbwwbwwbbwbbwwwwwbbwwwwwwwwbbwwwwwbbbbbbwbbbwbbbwwwwwwwwwwwwwwwwwwwwwwwwwwwwwwwwwwwwwwwwwwwwwwwwwwwwwwwwwwwwwwwwwwwwwwwwwwwww
260,éOì˙åéâ¸,bbbbbbbbbbbbbbbbbwwwbbwwwwwwwwwbbwwwwwbbwwwwwwwwbbwwwwwbbbbbbwbbbwbbbwwwwwwwwwwwwwwwwwwwwwwwwwwwwwwwwwwwwwwwwwwwwwwwwwwwwwwwwwww
261,ñ]åéâ¸,wwwwwwwwbbwwwwwwwwwwbbwwwwwwwwbbwwwwwbbbbbbwbbbwbbbwwwwwwwwwwwwwwwwwwwwwwwwwwwwwwwwwwwwwwwwwwwwwwwwwwwwwwwwwwwwwwwwwwwwwwwwwwwww
262,å√ëÈâ¸,wwbbwwwwwwwwwbbwwwwbwwbbbbbbbbbbbbbwwbbbbbbwbbbwbbbwwwwwwwwwwwwwwwwwwwwwwwwwwwwwwwwwwwwwwwwwwwwwwwwwwwwwwwwwwwwwwwwwwwwwwwwwwwww
263,â¡å√â¸,wbbwwwwbwwbbbbbbbwwwbbwwwwwwwwwbbwwwwbbbbbbwbbbwbbbwwwwwwwwwwwwwwwwwwwwwwwwwwwwwwwwwwwwwwwwwwwwwwwwwwwwwwwwwwwwwwwwwwwwwwwwwwwww
264,ê¬ótâ¸,wwwbbbbbbbbbbbwwwwwwwwbbbbbbbbbwwwwwwbbbbbbwbbbwbbbwwwwwwwwwwwwwwwwwwwwwwwwwwwwwwwwwwwwwwwwwwwwwwwwwwwwwwwwwwwwwwwwwwwwwwwwwwwww
265,ñ≠çÇâ¸,wwbbwbbwwwbbbwwwwwwbbwwbbbbbbbwwbbwwwbbbbbbwbbbwbbbwwwwwwwwwwwwwwwwwwwwwwwwwwwwwwwwwwwwwwwwwwwwwwwwwwwwwwwwwwwwwwwwwwwwwwwwwwwww
266,ìﬂíqâ¸,wbbwwwwbwwbbbbbbwwwwwbwwwwwwwwwbbwwwwbbbbbbwbbbwbbbwwwwwwwwwwwwwwwwwwwwwwwwwwwwwwwwwwwwwwwwwwwwwwwwwwwwwwwwwwwwwwwwwwwwwwwwwwwww
267,ë´ïøâ¸,wwbbwbbbbbwwwwwwwwwwwbbwwbbwwwwwwbbwwbbbbbbwbbbwbbbwwwwwwwwwwwwwwwwwwwwwwwwwwwwwwwwwwwwwwwwwwwwwwwwwwwwwwwwwwwwwwwwwwwwwwwwwwwww
268,âHçïâ¸,wwwwwwbbwwwwwwbbwwwwbbwbbwwbbwwbbwwwwbbbbbbwbbbwbbbwwwwwwwwwwwwwwwwwwwwwwwwwwwwwwwwwwwwwwwwwwwwwwwwwwwwwwwwwwwwwwwwwwwwwwwwwwwww
269,çÇóYâ¸,wbbwwbbbbbbbwwbbwwbbwbbbbbbbbwbbwwwwwbbbbbbwbbbwbbbwwwwwwwwwwwwwwwwwwwwwwwwwwwwwwwwwwwwwwwwwwwwwwwwwwwwwwwwwwwwwwwwwwwwwwwwwwwww
270,à§ìÜâ¸,bbbwwwbbbbbwwwwwwwbbbbbwwwwwwwwbbwwwwbbbbbbwbbbwbbbwwwwwwwwwwwwwwwwwwwwwwwwwwwwwwwwwwwwwwwwwwwwwwwwwwwwwwwwwwwwwwwwwwwwwwwwwwwww
271,ñÄñÎâ¸,bbwbbbbbbbbbbbbbbwbbbbbwbbwbbwbbbwwwwbbbbbbwbbbwbbbwwwwwwwwwwwwwwwwwwwwwwwwwwwwwwwwwwwwwwwwwwwwwwwwwwwwwwwwwwwwwwwwwwwwwwwwwwwww
272,íπäCâ¸,wwbwwbbwbbwbbwbbwwwwbbwbbbbbbbbbbbbwwbbbbbbwbbbwbbbwwwwwwwwwwwwwwwwwwwwwwwwwwwwwwwwwwwwwwwwwwwwwwwwwwwwwwwwwwwwwwwwwwwwwwwwwwwww
273,óòç™â¸,wbwwbbwwwwwwwwbbwwwwwbbwwwbwwwbbbwwwwbbbbbbwbbbwbbbwwwwwwwwwwwwwwwwwwwwwwwwwwwwwwwwwwwwwwwwwwwwwwwwwwwwwwwwwwwwwwwwwwwwwwwwwwwww
274,í}ñÄâ¸,bbbbbwbbbwwwwbbwbwbbbbbbbbbbbbbbbbbwwbbbbbbwbbbwbbbwwwwwwwwwwwwwwwwwwwwwwwwwwwwwwwwwwwwwwwwwwwwwwwwwwwwwwwwwwwwwwwwwwwwwwwwwwwww
275,í∑ñÂâ¸,wwwbbwwwwbbbbwwwwwwbbwwwwwwwwwwwbbwwwbbbbbbwbbbwbbbwwwwwwwwwwwwwwwwwwwwwwwwwwwwwwwwwwwwwwwwwwwwwwwwwwwwwwwwwwwwwwwwwwwwwwwwwwwww
276,ó§âúâ¸,wbwwwwwwwwbbwwwwwwwwwwwbbbwbbbwwwwwwwbbbbbbwbbbwbbbwwwwwwwwwwwwwwwwwwwwwwwwwwwwwwwwwwwwwwwwwwwwwwwwwwwwwwwwwwwwwwwwwwwwwwwwwwwww
277,ê‘èÈâ¸,wbwwbbwwwbbwwwwbwwwwwwwbbwbbbbbbbwbwwbbbbbbwbbbwbbbwwwwwwwwwwwwwwwwwwwwwwwwwwwwwwwwwwwwwwwwwwwwwwwwwwwwwwwwwwwwwwwwwwwwwwwwwwwww
278,â¡âÍâ¸,wbbwwwwbwwbbbbbbbwwwbbbbbbbbbbbbbwwwwbbbbbbwbbbwbbbwwwwwwwwwwwwwwwwwwwwwwwwwwwwwwwwwwwwwwwwwwwwwwwwwwwwwwwwwwwwwwwwwwwwwwwwwwwww
279,ëìó¥â¸,wwbbbbbbbbbbbbbwwwwbbwwwbbwbbbbbbbwwwbbbbbbwbbbwbbbwwwwwwwwwwwwwwwwwwwwwwwwwwwwwwwwwwwwwwwwwwwwwwwwwwwwwwwwwwwwwwwwwwwwwwwwwwwww
280,îÚó¥â¸,wwbbwwwbbwwwbbwbwwwbbwwwbbwbbbbbbbwwwbbbbbbwbbbwbbbwwwwwwwwwwwwwwwwwwwwwwwwwwwwwwwwwwwwwwwwwwwwwwwwwwwwwwwwwwwwwwwwwwwwwwwwwwwww
281,ó¥Èàâ¸,wbbwwwbbwbbbbbbbwwbbbwbwbbbbbwwbbbwwwbbbbbbwbbbwbbbwwwwwwwwwwwwwwwwwwwwwwwwwwwwwwwwwwwwwwwwwwwwwwwwwwwwwwwwwwwwwwwwwwwwwwwwwwwww
282,èÀñPâ¸,wwwbbwwwwwwbbwwwwwwbbbbwbwbwbwbwbwbwwbbbbbbwbbbwbbbwwwwwwwwwwwwwwwwwwwwwwwwwwwwwwwwwwwwwwwwwwwwwwwwwwwwwwwwwwwwwwwwwwwwwwwwwwwww
283,îÚëÈâ¸,wwbbwwwbbwwwbbwbwwwbwwbbbbbbbbbbbbbwwbbbbbbwbbbwbbbwwwwwwwwwwwwwwwwwwwwwwwwwwwwwwwwwwwwwwwwwwwwwwwwwwwwwwwwwwwwwwwwwwwwwwwwwwwww
284,îπëÈâ¸,wwwwwwwwbbwwwwwwwwwbwwbbbbbbbbbbbbbwwbbbbbbwbbbwbbbwwwwwwwwwwwwwwwwwwwwwwwwwwwwwwwwwwwwwwwwwwwwwwwwwwwwwwwwwwwwwwwwwwwwwwwwwwwww
285,ñP„ƒâ¸,wbbbbwbwbwbwbwbwbwwwbbwwwwwwbbwwwbbwwbbbbbbwbbbwbbbwwwwwwwwwwwwwwwwwwwwwwwwwwwwwwwwwwwwwwwwwwwwwwwwwwwwwwwwwwwwwwwwwwwwwwwwwwwww
286,ï}åKâ¸,wwwbbwwwbbbwwbbwwwwwwwbbbwbbbbbbwwwwwbbbbbbwbbbwbbbwwwwwwwwwwwwwwwwwwwwwwwwwwwwwwwwwwwwwwwwwwwwwwwwwwwwwwwwwwwwwwwwwwwwwwwwwwwww
287,éRèÈâ¸,wbbbbbbbbbbbbbbbwwwwwwwbbwbbbbbbbwbwwbbbbbbwbbbwbbbwwwwwwwwwwwwwwwwwwwwwwwwwwwwwwwwwwwwwwwwwwwwwwwwwwwwwwwwwwwwwwwwwwwwwwwwwwwww
288,„ƒíﬂâ¸,wwbbwwwwwwbbwwwbbwwwbwwbwwwbwbbbbbbwwbbbbbbwbbbwbbbwwwwwwwwwwwwwwwwwwwwwwwwwwwwwwwwwwwwwwwwwwwwwwwwwwwwwwwwwwwwwwwwwwwwwwwwwwwww
289,ãSì{â¸,wwwbbbwwwbbbbbwbbwwbbwwbbwwwwbbwbbwwwbbbbbbwbbbwbbbwwwwwwwwwwwwwwwwwwwwwwwwwwwwwwwwwwwwwwwwwwwwwwwwwwwwwwwwwwwwwwwwwwwwwwwwwwwww
290,à¢ïêåGâ¸,wbwwwwwwwwwwwwbwwwwwbbwwbbbbbwbbwbbwwbbwwwwbbwwwbbbwwwwbbbbbbwbbbwbbbwwwwwwwwwwwwwwwwwwwwwwwwwwwwwwwwwwwwwwwwwwwwwwwwwwwwwwwwwww
291,êÁçŒçqâ¸,wwwwwwwbbbwwwwwwwwwbbbbwbbwbbbbbwwbwwbwwbwbwbbwwwbbwbwwbbbbbbwbbbwbbbwwwwwwwwwwwwwwwwwwwwwwwwwwwwwwwwwwwwwwwwwwwwwwwwwwwwwwwwwww
292,êÁë„ìcçqâ¸,wwwwwwwbbbwwwwwwwwwwwbbwwwwwwwbbwbbwwbbbbbbbbbbbbbbbwwwbbbbwbwbbwwwbbwbwwbbbbbbwbbbwbbbwwwwwwwwwwwwwwwwwwwwwwwwwwwwwwwwwwwwwwwww
293,ó[í£â¸,wwwwwbbbbwwwwwwwwwwwwwbbwwbwwwwbbwwwwbbbbbbwbbbwbbbwwwwwwwwwwwwwwwwwwwwwwwwwwwwwwwwwwwwwwwwwwwwwwwwwwwwwwwwwwwwwwwwwwwwwwwwwwwww
294,ïëïóâ¸,wbwbbbwbbbbbbbbbbwwbbwwwwbbbbbbwbwbwwbbbbbbwbbbwbbbwwwwwwwwwwwwwwwwwwwwwwwwwwwwwwwwwwwwwwwwwwwwwwwwwwwwwwwwwwwwwwwwwwwwwwwwwwwww
295,àﬂä}â¸,wwwwbbwbbbbwbbbwwwwwwwwbbwwwbbwwwwwwwbbbbbbwbbbwbbbwwwwwwwwwwwwwwwwwwwwwwwwwwwwwwwwwwwwwwwwwwwwwwwwwwwwwwwwwwwwwwwwwwwwwwwwwwwww
296,êÁçŒçqâ¸ìÒ,wwwwwwwbbbwwwwwwwwwbbbbwbbwbbbbbwwbwwbwwbwbwbbwwwbbwbwwbbbbbbwbbbwbbbwwwbbbbbbbbbbbbbbbbbwwwwwwwwwwwwwwwwwwwwwwwwwwwwwwwwwwwwwww
297,êÁë„ìcçqâ¸ìÒ,wwwwwwwbbbwwwwwwwwwwwbbwwwwwwwbbwbbwwbbbbbbbbbbbbbbbwwwbbbbwbwbbwwwbbwbwwbbbbbbwbbbwbbbwwwbbbbbbbbbbbbbbbbbwwwwwwwwwwwwwwwwwwwww
300,èâïóâ¸,wwwbbwwbbbwwwwbbwwwbbwwwwbbbbbbwbwbwwbbbbbbwbbbwbbbwwwwwwwwwwwwwwwwwwwwwwwwwwwwwwwwwwwwwwwwwwwwwwwwwwwwwwwwwwwwwwwwwwwwwwwwwwwww
301,èHâ_â¸,wwwbbwwwbbbwwbbwwwwwwwbbbwwwwbbbwwwwwbbbbbbwbbbwbbbwwwwwwwwwwwwwwwwwwwwwwwwwwwwwwwwwwwwwwwwwwwwwwwwwwwwwwwwwwwwwwwwwwwwwwwwwwwww
302,ó[â_â¸,wwwwwbbbbwwwwwwwwwwwwwbbbwwwwbbbwwwwwbbbbbbwbbbwbbbwwwwwwwwwwwwwwwwwwwwwwwwwwwwwwwwwwwwwwwwwwwwwwwwwwwwwwwwwwwwwwwwwwwwwwwwwwwww
303,ä™â_â¸,wwwwbbwwwwwwwbbwwwwwwwbbbwwwwbbbwwwwwbbbbbbwbbbwbbbwwwwwwwwwwwwwwwwwwwwwwwwwwwwwwwwwwwwwwwwwwwwwwwwwwwwwwwwwwwwwwwwwwwwwwwwwwwww
304,í∑îgâ¸,wwwbbwwwwbbbbwwwwwwbbbbbwwwbbbbbwwwwwbbbbbbwbbbwbbbwwwwwwwwwwwwwwwwwwwwwwwwwwwwwwwwwwwwwwwwwwwwwwwwwwwwwwwwwwwwwwwwwwwwwwwwwwwww
305,à¢âÍñÏâ¸,wbwwwwwwwwwwwwbwwwwwbbbbbbbbbbbbbwwwwwwwbbbbbwwbbwwwwwwbbbbbbwbbbwbbbwwwwwwwwwwwwwwwwwwwwwwwwwwwwwwwwwwwwwwwwwwwwwwwwwwwwwwwwwww
306,î\ë„â¸,wbbwwwbbwbbwwwwbbwwwwbbwwwwwwwbbwbbwwbbbbbbwbbbwbbbwwwwwwwwwwwwwwwwwwwwwwwwwwwwwwwwwwwwwwwwwwwwwwwwwwwwwwwwwwwwwwwwwwwwwwwwwwwww
307,ñÓîäâ¸,wwwbbbbwwwbbbbwwwwwwbbwbbwwwwbbwbbwwwbbbbbbwbbbwbbbwwwwwwwwwwwwwwwwwwwwwwwwwwwwwwwwwwwwwwwwwwwwwwwwwwwwwwwwwwwwwwwwwwwwwwwwwwwww
308,ñÌê∂â¸,wwwwbbwwwwwbbwwbwwwwwwwwwwbbwwwwwwwwwbbbbbbwbbbwbbbwwwwwwwwwwwwwwwwwwwwwwwwwwwwwwwwwwwwwwwwwwwwwwwwwwwwwwwwwwwwwwwwwwwwwwwwwwwww
309,âKåéâ¸,wwwwwbbwwbbwwbbwwwwwbbwwwwwwwwbbwwwwwbbbbbbwbbbwbbbwwwwwwwwwwwwwwwwwwwwwwwwwwwwwwwwwwwwwwwwwwwwwwwwwwwwwwwwwwwwwwwwwwwwwwwwwwwww
310,Z1â¸,bbbbbbbbbbbwwwwwwbbwwwwwwbbbbbbwbbbwbbbwwwwwwwwwwwwwwwwwwwwwwwwwwwwwwwwwwwwwwwwwwwwwwwwwwwwwwwwwwwwwwwwwwwwwwwwwwwwwwwwwwwwwwwww
311,Z3â¸,bbbbbbbbbbbwwwbbwbbbbwwwwbbbbbbwbbbwbbbwwwwwwwwwwwwwwwwwwwwwwwwwwwwwwwwwwwwwwwwwwwwwwwwwwwwwwwwwwwwwwwwwwwwwwwwwwwwwwwwwwwwwwwww
312,ïlïóâ¸,wwbbwwwbbwwwwbbwwwwbbwwwwbbbbbbwbwbwwbbbbbbwbbbwbbbwwwwwwwwwwwwwwwwwwwwwwwwwwwwwwwwwwwwwwwwwwwwwwwwwwwwwwwwwwwwwwwwwwwwwwwwwwwww
313,íJïóâ¸,wwwbbwwwwwwwbbwwwwwbbwwwwbbbbbbwbwbwwbbbbbbwbbbwbbbwwwwwwwwwwwwwwwwwwwwwwwwwwwwwwwwwwwwwwwwwwwwwwwwwwwwwwwwwwwwwwwwwwwwwwwwwwwww
314,éìıâ¸,wwbbwbbwwwwwwwwbbwwwwwbbbbbbbwwbbwwwwbbbbbbwbbbwbbbwwwwwwwwwwwwwwwwwwwwwwwwwwwwwwwwwwwwwwwwwwwwwwwwwwwwwwwwwwwwwwwwwwwwwwwwwwwww
316,ìVí√ïóâ¸,wwwbbbwwwwwbbbwwwwwwbbwbbbbbbbbbbbbwwbbwwwwbbbbbbwbwbwwbbbbbbwbbbwbbbwwwwwwwwwwwwwwwwwwwwwwwwwwwwwwwwwwwwwwwwwwwwwwwwwwwwwwwwwww
317,âYïóâ¸,wwbbwbbwwwbbwwbbwwwbbwwwwbbbbbbwbwbwwbbbbbbwbbbwbbbwwwwwwwwwwwwwwwwwwwwwwwwwwwwwwwwwwwwwwwwwwwwwwwwwwwwwwwwwwwwwwwwwwwwwwwwwwwww
318,ó¥ñPâ¸,wbbwwwbbwbbbbbbbwwwbbbbwbwbwbwbwbwbwwbbbbbbwbbbwbbbwwwwwwwwwwwwwwwwwwwwwwwwwwwwwwwwwwwwwwwwwwwwwwwwwwwwwwwwwwwwwwwwwwwwwwwwwwwww
319,ñ≠çÇâ¸ìÒ,wwbbwbbwwwbbbwwwwwwbbwwbbbbbbbwwbbwwwbbbbbbwbbbwbbbwwwbbbbbbbbbbbbbbbbbwwwwwwwwwwwwwwwwwwwwwwwwwwwwwwwwwwwwwwwwwwwwwwwwwwwwwwwww
320,àÈïóâ¸,wbbbbbwbwbbwbbwwbwwbbwwwwbbbbbbwbwbwwbbbbbbwbbbwbbbwwwwwwwwwwwwwwwwwwwwwwwwwwwwwwwwwwwwwwwwwwwwwwwwwwwwwwwwwwwwwwwwwwwwwwwwwwwww
321,ëÂóÑâ¸,wwwbbbwwwwwbbbwwwwwwbbwbbbbbbbwwwwwwwbbbbbbwbbbwbbbwwwwwwwwwwwwwwwwwwwwwwwwwwwwwwwwwwwwwwwwwwwwwwwwwwwwwwwwwwwwwwwwwwwwwwwwwwwww
322,éûí√ïóâ¸,wbbbbbwwwbbwwbbwwwwwbbwbbbbbbbbbbbbwwbbwwwwbbbbbbwbwbwwbbbbbbwbbbwbbbwwwwwwwwwwwwwwwwwwwwwwwwwwwwwwwwwwwwwwwwwwwwwwwwwwwwwwwwwww
323,ètâJâ¸,wwwwbbwwwwwwbwwwwwwbbwwwbwbwwwbwbbwwwbbbbbbwbbbwbbbwwwwwwwwwwwwwwwwwwwwwwwwwwwwwwwwwwwwwwwwwwwwwwwwwwwwwwwwwwwwwwwwwwwwwwwwwwwww
324,ëÅëöâ¸,wwwwwwwwbbwwwwwwwwwbbbbwbbbbbbbbbbwwwbbbbbbwbbbwbbbwwwwwwwwwwwwwwwwwwwwwwwwwwwwwwwwwwwwwwwwwwwwwwwwwwwwwwwwwwwwwwwwwwwwwwwwwwwww
325,ê¥ëöâ¸,wwbbwwbbbbbbbbbbwwwbbbbwbbbbbbbbbbwwwbbbbbbwbbbwbbbwwwwwwwwwwwwwwwwwwwwwwwwwwwwwwwwwwwwwwwwwwwwwwwwwwwwwwwwwwwwwwwwwwwwwwwwwwwww
326,èâètâ¸ìÒ,wwwbbwwbbbwwwwbbwwwwwwbbwwwwwwbbwwwwwbbbbbbwbbbwbbbwwwbbbbbbbbbbbbbbbbbwwwwwwwwwwwwwwwwwwwwwwwwwwwwwwwwwwwwwwwwwwwwwwwwwwwwwwwww
327,í©â_â¸,bbbbbbbbbbbwwwwbbwwwwwbbbwwwwbbbwwwwwbbbbbbwbbbwbbbwwwwwwwwwwwwwwwwwwwwwwwwwwwwwwwwwwwwwwwwwwwwwwwwwwwwwwwwwwwwwwwwwwwwwwwwwwwww
328,éRâ_â¸,wbbbbbbbbbbbbbbbwwwwwwbbbwwwwbbbwwwwwbbbbbbwbbbwbbbwwwwwwwwwwwwwwwwwwwwwwwwwwwwwwwwwwwwwwwwwwwwwwwwwwwwwwwwwwwwwwwwwwwwwwwwwwwww
329,ñÏï™â¸,wwwwbbbbbwwbbwwwwwwwwwbbwwwwwwbbwwwwwbbbbbbwbbbwbbbwwwwwwwwwwwwwwwwwwwwwwwwwwwwwwwwwwwwwwwwwwwwwwwwwwwwwwwwwwwwwwwwwwwwwwwwwwwww
330,èHåéâ¸,wwwbbwwwbbbwwbbwwwwwbbwwwwwwwwbbwwwwwbbbbbbwbbbwbbbwwwwwwwwwwwwwwwwwwwwwwwwwwwwwwwwwwwwwwwwwwwwwwwwwwwwwwwwwwwwwwwwwwwwwwwwwwwww
331,ìVèÈ,wwwbbbwwwwwbbbwwwwwwwwwbbwbbbbbbbwbwwwwwwwwwwwwwwwwwwwwwwwwwwwwwwwwwwwwwwwwwwwwwwwwwwwwwwwwwwwwwwwwwwwwwwwwwwwwwwwwwwwwwwwwwwwww
332,äãèÈ,wwwbbwwwwwwbbwbbwwwwwwwbbwbbbbbbbwbwwwwwwwwwwwwwwwwwwwwwwwwwwwwwwwwwwwwwwwwwwwwwwwwwwwwwwwwwwwwwwwwwwwwwwwwwwwwwwwwwwwwwwwwwwwww
334,U-511â¸,wwbbbbwwbbbwwwwwwwwwwwbbbwbbbbwwwwwwwwbbwwwwwwwwwwbbwwwwwwbbbbbbwbbbwbbbwwwwwwwwwwwwwwwwwwwwwwwwwwwwwwwwwwwwwwwwwwwwwwwwwwwwwwww
343,çÅéÊâ¸,wwwbbwwwwwwwbbwwwwbbbwwwbbwwbbbbbwwwwbbbbbbwbbbwbbbwwwwwwwwwwwwwwwwwwwwwwwwwwwwwwwwwwwwwwwwwwwwwwwwwwwwwwwwwwwwwwwwwwwwwwwwwwwww
344,í©ëöâ¸,bbbbbbbbbbbwwwwbbwwbbbbwbbbbbbbbbbwwwbbbbbbwbbbwbbbwwwwwwwwwwwwwwwwwwwwwwwwwwwwwwwwwwwwwwwwwwwwwwwwwwwwwwwwwwwwwwwwwwwwwwwwwwwww
345,çÇîgâ¸,wbbwwbbbbbbbwwbbwwwbbbbbwwwbbbbbwwwwwbbbbbbwbbbwbbbwwwwwwwwwwwwwwwwwwwwwwwwwwwwwwwwwwwwwwwwwwwwwwwwwwwwwwwwwwwwwwwwwwwwwwwwwwwww
346,è∆åéâ¸,wwbbwwbwwbbwwbbbwwwwbbwwwwwwwwbbwwwwwbbbbbbwbbbwbbbwwwwwwwwwwwwwwwwwwwwwwwwwwwwwwwwwwwwwwwwwwwwwwwwwwwwwwwwwwwwwwwwwwwwwwwwwwwww
347,Libeccioâ¸,wbbbbbbbbbwbbbwwwbbbbwbbbwwwwbbbbwwbbwwwwbbbbwbbwwbbbbwbbwwwbbwwwbbbbwbbbbwwwbbbbbbwbbbwbbbwwwwwwwwwwwwwwwwwwwwwwwwwwwwwwwwwwwww
348,êêï‰â¸,bbbwwwbbwbbwbwwbbwwwwbwwbbwbwwwbbbbwwbbbbbbwbbbwbbbwwwwwwwwwwwwwwwwwwwwwwwwwwwwwwwwwwwwwwwwwwwwwwwwwwwwwwwwwwwwwwwwwwwwwwwwwwwww
349,ïóâ_â¸,wbbwwwwbbbbbbwbwbwwwwwbbbwwwwbbbwwwwwbbbbbbwbbbwbbbwwwwwwwwwwwwwwwwwwwwwwwwwwwwwwwwwwwwwwwwwwwwwwwwwwwwwwwwwwwwwwwwwwwwwwwwwwwww
350,äCïóâ¸,wwbbwbbbbbbbbbbbbwwbbwwwwbbbbbbwbwbwwbbbbbbwbbbwbbbwwwwwwwwwwwwwwwwwwwwwwwwwwwwwwwwwwwwwwwwwwwwwwwwwwwwwwwwwwwwwwwwwwwwwwwwwwwww
351,ç]ïóâ¸,wwbbwwwwwwbbwwwwwwwbbwwwwbbbbbbwbwbwwbbbbbbwbbbwbbbwwwwwwwwwwwwwwwwwwwwwwwwwwwwwwwwwwwwwwwwwwwwwwwwwwwwwwwwwwwwwwwwwwwwwwwwwwwww
352,ë¨ãzâ¸,wwbbbbbwwwbbwwwbwwwwwwwbbwwwbbbbbwwwwbbbbbbwbbbwbbbwwwwwwwwwwwwwwwwwwwwwwwwwwwwwwwwwwwwwwwwwwwwwwwwwwwwwwwwwwwwwwwwwwwwwwwwwwwww
353,Graf_Zeppelinâ¸,wwbbbbbwbbbbwwwbbwwwwbbbwbbbbbwwwbbwwwwwwwwbbbbbbbbbbbwwwbbbbwbbbwwwbbbbwbbbwwwwbbbbbbbbbwwwwbbbbwbbbwwwbbwwwbbwwwbbbwwwwbbwwwww
354,óíâ¸,wbbwwwwwbwbbwwbwbwwbbbbbbwbbbwbbbwwwwwwwwwwwwwwwwwwwwwwwwwwwwwwwwwwwwwwwwwwwwwwwwwwwwwwwwwwwwwwwwwwwwwwwwwwwwwwwwwwwwwwwwwwwwwww
355,îãïóâ¸,bbwbbwwwwbbwbbbwwwwbbwwwwbbbbbbwbwbwwbbbbbbwbbbwbbbwwwwwwwwwwwwwwwwwwwwwwwwwwwwwwwwwwwwwwwwwwwwwwwwwwwwwwwwwwwwwwwwwwwwwwwwwwwww
356,é≠ìáâ¸,bbwwbbwwwwbbwwwbbwwbbwwwbwwwbbwwbbwwwbbbbbbwbbbwbbbwwwwwwwwwwwwwwwwwwwwwwwwwwwwwwwwwwwwwwwwwwwwwwwwwwwwwwwwwwwwwwwwwwwwwwwwwwwww
357,èâåéâ¸,wwwbbwwbbbwwwwbbwwwwbbwwwwwwwwbbwwwwwbbbbbbwbbbwbbbwwwwwwwwwwwwwwwwwwwwwwwwwwwwwwwwwwwwwwwwwwwwwwwwwwwwwwwwwwwwwwwwwwwwwwwwwwwww
358,Zaraâ¸,bbbbbbbbbbbwwbbbwbbbbwwwbbwwwwwbbbwbbbbwwwbbbbbbwbbbwbbbwwwwwwwwwwwwwwwwwwwwwwwwwwwwwwwwwwwwwwwwwwwwwwwwwwwwwwwwwwwwwwwwwwwwwwww
359,â´îgâ¸,wwbbwwwwwwbbwwwwwwwbbbbbwwwbbbbbwwwwwbbbbbbwbbbwbbbwwwwwwwwwwwwwwwwwwwwwwwwwwwwwwwwwwwwwwwwwwwwwwwwwwwwwwwwwwwwwwwwwwwwwwwwwwwww
360,Iowaâ¸,wbbbwwwbbbbwbbbbwwwwwbbbwwwwbbbwwwwwbbbbbbbbwwwbbbbbbwbbbwbbbwwwwwwwwwwwwwwwwwwwwwwwwwwwwwwwwwwwwwwwwwwwwwwwwwwwwwwwwwwwwwwwwwww
361,Polaâ¸,wbbbwwwwwwwwwbbbbwbbbbwwwbbbwwbbbwbbbbbwwbbbbbbwwbbbbbbwwwwwwwwwwwwwwwwwwwwwwwwwwwwwwwwwwwwwwwwwwwwwwwwwwwwwwwwwwwwwwwwwwwwwwwww
362,êeí™â¸,bbbwbwwbwbbwbbwbbwwbbwwwbbwwbbwwwbbwwbbbbbbwbbbwbbbwwwwwwwwwwwwwwwwwwwwwwwwwwwwwwwwwwwwwwwwwwwwwwwwwwwwwwwwwwwwwwwwwwwwwwwwwwwww
363,ètïóâ¸,wwwwbbwwwwwwbwwwwwwbbwwwwbbbbbbwbwbwwbbbbbbwbbbwbbbwwwwwwwwwwwwwwwwwwwwwwwwwwwwwwwwwwwwwwwwwwwwwwwwwwwwwwwwwwwwwwwwwwwwwwwwwwwww
398,à…168â¸,wwbbwwwwbbwwwwwwwwwwwwwbbwwwwwwwbbbwbbbbwwwbbbwwwbbbwwwbbbbbbwbbbwbbbwwwwwwwwwwwwwwwwwwwwwwwwwwwwwwwwwwwwwwwwwwwwwwwwwwwwwwwwwww
399,à…58â¸,wwbbwwwwbbwwwwwwwwwbbbwbbbbwwwwbbbwwwbbbwwwbbbbbbwbbbwbbbwwwwwwwwwwwwwwwwwwwwwwwwwwwwwwwwwwwwwwwwwwwwwwwwwwwwwwwwwwwwwwwwwwwwwww
400,à…8â¸,wwbbwwwwbbwwwwwwwwwbbbwwwbbbwwwbbbbbbwbbbwbbbwwwwwwwwwwwwwwwwwwwwwwwwwwwwwwwwwwwwwwwwwwwwwwwwwwwwwwwwwwwwwwwwwwwwwwwwwwwwwwwwwww
401,à…19â¸,wwbbwwwwbbwwwwwwwwwwwwwbbwwwwwwwwbbbbbwwwwwbbbbbbwbbbwbbbwwwwwwwwwwwwwwwwwwwwwwwwwwwwwwwwwwwwwwwwwwwwwwwwwwwwwwwwwwwwwwwwwwwwwww
402,Ç‹ÇÈÇ‰â¸,wwbbwwwwbbwbbbbwwwwwwwbbwwwwbbbbbwwwwwwwwwwwbbbbwwwwwwwbbbbbbwbbbwbbbwwwwwwwwwwwwwwwwwwwwwwwwwwwwwwwwwwwwwwwwwwwwwwwwwwwwwwwwwww
403,à…401â¸,wwbbwwwwbbwwwwwwwwwwwwwwwbbwwwwwbbbwbbbwwwwwwwwbbwwwwwwbbbbbbwbbbwbbbwwwwwwwwwwwwwwwwwwwwwwwwwwwwwwwwwwwwwwwwwwwwwwwwwwwwwwwwwww
404,â_ó¥,wwwwbbbwwwwbbbwwwwwbbwwwbbwbbbbbbbwwwwwwwwwwwwwwwwwwwwwwwwwwwwwwwwwwwwwwwwwwwwwwwwwwwwwwwwwwwwwwwwwwwwwwwwwwwwwwwwwwwwwwwwwwwwww
405,ètâJ,wwwwbbwwwwwwbwwwwwwbbwwwbwbwwwbwbbwwwwwwwwwwwwwwwwwwwwwwwwwwwwwwwwwwwwwwwwwwwwwwwwwwwwwwwwwwwwwwwwwwwwwwwwwwwwwwwwwwwwwwwwwwwwww
406,â_ó¥â¸,wwwwbbbwwwwbbbwwwwwbbwwwbbwbbbbbbbwwwbbbbbbwbbbwbbbwwwwwwwwwwwwwwwwwwwwwwwwwwwwwwwwwwwwwwwwwwwwwwwwwwwwwwwwwwwwwwwwwwwwwwwwwwwww
407,í™â¸ìÒ,wbbwwwbbwwbbwwwbbwwbbbbbbwbbbwbbbwwwbbbbbbbbbbbbbbbbbwwwwwwwwwwwwwwwwwwwwwwwwwwwwwwwwwwwwwwwwwwwwwwwwwwwwwwwwwwwwwwwwwwwwwwwwwww
408,îπëÈâ¸ìÒ,wwwwwwwwbbwwwwwwwwwbwwbbbbbbbbbbbbbwwbbbbbbwbbbwbbbwwwbbbbbbbbbbbbbbbbbwwwwwwwwwwwwwwwwwwwwwwwwwwwwwwwwwwwwwwwwwwwwwwwwwwwwwwwww
409,ëÅëö,wwwwwwwwbbwwwwwwwwwbbbbwbbbbbbbbbbwwwwwwwwwwwwwwwwwwwwwwwwwwwwwwwwwwwwwwwwwwwwwwwwwwwwwwwwwwwwwwwwwwwwwwwwwwwwwwwwwwwwwwwwwwwwww
410,ê¥ëö,wwbbwwbbbbbbbbbbwwwbbbbwbbbbbbbbbbwwwwwwwwwwwwwwwwwwwwwwwwwwwwwwwwwwwwwwwwwwwwwwwwwwwwwwwwwwwwwwwwwwwwwwwwwwwwwwwwwwwwwwwwwwwwww
411,ï}åKâ¸ìÒ,wwwbbwwwbbbwwbbwwwwwwwbbbwbbbbbbwwwwwbbbbbbwbbbwbbbwwwbbbbbbbbbbbbbbbbbwwwwwwwwwwwwwwwwwwwwwwwwwwwwwwwwwwwwwwwwwwwwwwwwwwwwwwwww
412,éRèÈâ¸ìÒ,wbbbbbbbbbbbbbbbwwwwwwwbbwbbbbbbbwbwwbbbbbbwbbbwbbbwwwbbbbbbbbbbbbbbbbbwwwwwwwwwwwwwwwwwwwwwwwwwwwwwwwwwwwwwwwwwwwwwwwwwwwwwwwww
413,í©â_,bbbbbbbbbbbwwwwbbwwwwwbbbwwwwbbbwwwwwwwwwwwwwwwwwwwwwwwwwwwwwwwwwwwwwwwwwwwwwwwwwwwwwwwwwwwwwwwwwwwwwwwwwwwwwwwwwwwwwwwwwwwwwwww
414,éRâ_,wbbbbbbbbbbbbbbbwwwwwwbbbwwwwbbbwwwwwwwwwwwwwwwwwwwwwwwwwwwwwwwwwwwwwwwwwwwwwwwwwwwwwwwwwwwwwwwwwwwwwwwwwwwwwwwwwwwwwwwwwwwwwwww
415,ñÏï™,wwwwbbbbbwwbbwwwwwwwwwbbwwwwwwbbwwwwwwwwwwwwwwwwwwwwwwwwwwwwwwwwwwwwwwwwwwwwwwwwwwwwwwwwwwwwwwwwwwwwwwwwwwwwwwwwwwwwwwwwwwwwwwww
416,å√ëÈâ¸ìÒ,wwbbwwwwwwwwwbbwwwwbwwbbbbbbbbbbbbbwwbbbbbbwbbbwbbbwwwbbbbbbbbbbbbbbbbbwwwwwwwwwwwwwwwwwwwwwwwwwwwwwwwwwwwwwwwwwwwwwwwwwwwwwwwww
417,â¡å√â¸ìÒ,wbbwwwwbwwbbbbbbbwwwbbwwwwwwwwwbbwwwwbbbbbbwbbbwbbbwwwbbbbbbbbbbbbbbbbbwwwwwwwwwwwwwwwwwwwwwwwwwwwwwwwwwwwwwwwwwwwwwwwwwwwwwwwww
418,éHåéâ¸ìÒ,bbbbbbbbbbbbbbbbbwwwbbwwwwwwwwbbwwwwwbbbbbbwbbbwbbbwwwbbbbbbbbbbbbbbbbbwwwwwwwwwwwwwwwwwwwwwwwwwwwwwwwwwwwwwwwwwwwwwwwwwwwwwwwww
419,èâëöâ¸ìÒ,wwwbbwwbbbwwwwbbwwwbbbbwbbbbbbbbbbwwwbbbbbbwbbbwbbbwwwbbbbbbbbbbbbbbbbbwwwwwwwwwwwwwwwwwwwwwwwwwwwwwwwwwwwwwwwwwwwwwwwwwwwwwwwww
420,ëpâ_â¸ìÒ,wwbwwwbbwwbbbbwwwwwwwwbbbwwwwbbbwwwwwbbbbbbwbbbwbbbwwwbbbbbbbbbbbbbbbbbwwwwwwwwwwwwwwwwwwwwwwwwwwwwwwwwwwwwwwwwwwwwwwwwwwwwwwwww
421,èHåé,wwwbbwwwbbbwwbbwwwwwbbwwwwwwwwbbwwwwwwwwwwwwwwwwwwwwwwwwwwwwwwwwwwwwwwwwwwwwwwwwwwwwwwwwwwwwwwwwwwwwwwwwwwwwwwwwwwwwwwwwwwwwwwww
422,è∆åé,wwbbwwbwwbbwwbbbwwwwbbwwwwwwwwbbwwwwwwwwwwwwwwwwwwwwwwwwwwwwwwwwwwwwwwwwwwwwwwwwwwwwwwwwwwwwwwwwwwwwwwwwwwwwwwwwwwwwwwwwwwwwwwww
423,èâåé,wwwbbwwbbbwwwwbbwwwwbbwwwwwwwwbbwwwwwwwwwwwwwwwwwwwwwwwwwwwwwwwwwwwwwwwwwwwwwwwwwwwwwwwwwwwwwwwwwwwwwwwwwwwwwwwwwwwwwwwwwwwwwwww
424,çÇîg,wbbwwbbbbbbbwwbbwwwbbbbbwwwbbbbbwwwwwwwwwwwwwwwwwwwwwwwwwwwwwwwwwwwwwwwwwwwwwwwwwwwwwwwwwwwwwwwwwwwwwwwwwwwwwwwwwwwwwwwwwwwwwwww
425,í©ëö,bbbbbbbbbbbwwwwbbwwbbbbwbbbbbbbbbbwwwwwwwwwwwwwwwwwwwwwwwwwwwwwwwwwwwwwwwwwwwwwwwwwwwwwwwwwwwwwwwwwwwwwwwwwwwwwwwwwwwwwwwwwwwwww
426,êÅê·â¸ìÒ,wwwwwwwbbbwwwbbwwwwwwwwwwwwwwwwbbwwwwbbbbbbwbbbwbbbwwwbbbbbbbbbbbbbbbbbwwwwwwwwwwwwwwwwwwwwwwwwwwwwwwwwwwwwwwwwwwwwwwwwwwwwwwwww
427,íπäCâ¸ìÒ,wwbwwbbwbbwbbwbbwwwwbbwbbbbbbbbbbbbwwbbbbbbwbbbwbbbwwwbbbbbbbbbbbbbbbbbwwwwwwwwwwwwwwwwwwwwwwwwwwwwwwwwwwwwwwwwwwwwwwwwwwwwwwwww
428,ñÄñÎâ¸ìÒ,bbwbbbbbbbbbbbbbbwbbbbbwbbwbbwbbbwwwwbbbbbbwbbbwbbbwwwbbbbbbbbbbbbbbbbbwwwwwwwwwwwwwwwwwwwwwwwwwwwwwwwwwwwwwwwwwwwwwwwwwwwwwwwww
429,ìVèÈâ¸,wwwbbbwwwwwbbbwwwwwwwwwbbwbbbbbbbwbwwbbbbbbwbbbwbbbwwwwwwwwwwwwwwwwwwwwwwwwwwwwwwwwwwwwwwwwwwwwwwwwwwwwwwwwwwwwwwwwwwwwwwwwwwwww
430,äãèÈâ¸,wwwbbwwwwwwbbwbbwwwwwwwbbwbbbbbbbwbwwbbbbbbwbbbwbbbwwwwwwwwwwwwwwwwwwwwwwwwwwwwwwwwwwwwwwwwwwwwwwwwwwwwwwwwwwwwwwwwwwwwwwwwwwwww
431,U-511,wwbbbbwwbbbwwwwwwwwwwwbbbwbbbbwwwwwwwwbbwwwwwwwwwwbbwwwwwwwwwwwwwwwwwwwwwwwwwwwwwwwwwwwwwwwwwwwwwwwwwwwwwwwwwwwwwwwwwwwwwwwwwwww
432,Graf_Zeppelin,wwbbbbbwbbbbwwwbbwwwwbbbwbbbbbwwwbbwwwwwwwwbbbbbbbbbbbwwwbbbbwbbbwwwbbbbwbbbwwwwbbbbbbbbbwwwwbbbbwbbbwwwbbwwwbbwwwbbbwwwwbbwwwww
434,ñråéâ¸ìÒ,wbbbbbwwwwwbwwwwwwwwbbwwwwwwwwbbwwwwwbbbbbbwbbbwbbbwwwbbbbbbbbbbbbbbbbbwwwwwwwwwwwwwwwwwwwwwwwwwwwwwwwwwwwwwwwwwwwwwwwwwwwwwwwww
435,î@åéâ¸ìÒ,wwwbbwbbwbbbbbbbbwwwbbwwwwwwwwbbwwwwwbbbbbbwbbbwbbbwwwbbbbbbbbbbbbbbbbbwwwwwwwwwwwwwwwwwwwwwwwwwwwwwwwwwwwwwwwwwwwwwwwwwwwwwwwww
436,òC500,wwbbwwwwwwwwwbbwwwwbbbwbbbbwwwwwbbbwbbbwwwwwbbbwbbbwwwwwwwwwwwwwwwwwwwwwwwwwwwwwwwwwwwwwwwwwwwwwwwwwwwwwwwwwwwwwwwwwwwwwwwwwwwww
437,ã≈â¸ìÒ,wbwwwwwbbwwwbwwbbwwbbbbbbwbbbwbbbwwwbbbbbbbbbbbbbbbbbwwwwwwwwwwwwwwwwwwwwwwwwwwwwwwwwwwwwwwwwwwwwwwwwwwwwwwwwwwwwwwwwwwwwwwwwwww
440,Iowa,wbbbwwwbbbbwbbbbwwwwwbbbwwwwbbbwwwwwbbbbbbbbwwwwwwwwwwwwwwwwwwwwwwwwwwwwwwwwwwwwwwwwwwwwwwwwwwwwwwwwwwwwwwwwwwwwwwwwwwwwwwwwwwww
441,Littorio,wbbbbbbbbbwbbbwwwbbbwwwwbbbwwwwbbbwbbbbwwwwbbwwwwwbbwwwwbbbwbbbbwwwwwwwwwwwwwwwwwwwwwwwwwwwwwwwwwwwwwwwwwwwwwwwwwwwwwwwwwwwwwwww
442,Roma,wbbwwwwwbbbwwwbbbwwbbbwwwwbbwwwwbbbwwwwbbwwwbbbwbbbbwwwwwwwwwwwwwwwwwwwwwwwwwwwwwwwwwwwwwwwwwwwwwwwwwwwwwwwwwwwwwwwwwwwwwwwwwwww
443,Libeccio,wbbbbbbbbbwbbbwwwbbbbwbbbwwwwbbbbwwbbwwwwbbbbwbbwwbbbbwbbwwwbbwwwbbbbwbbbbwwwwwwwwwwwwwwwwwwwwwwwwwwwwwwwwwwwwwwwwwwwwwwwwwwwwww
445,èHí√èF,wwwbbwwwbbbwwbbwwwwwbbwbbbbbbbbbbbbwwbbwwbbwwwbbwwwbbwwwwwwwwwwwwwwwwwwwwwwwwwwwwwwwwwwwwwwwwwwwwwwwwwwwwwwwwwwwwwwwwwwwwwwwwwww
446,Italia,wbbbwwwbbbwwwbbbwbbbbwwwbbbwwwbbwwwbbbwbbbbwwwwwwwwwwwwwwwwwwwwwwwwwwwwwwwwwwwwwwwwwwwwwwwwwwwwwwwwwwwwwwwwwwwwwwwwwwwwwwwwwwwww
447,Romaâ¸,wbbwwwwwbbbwwwbbbwwbbbwwwwbbwwwwbbbwwwwbbwwwbbbwbbbbwwwbbbbbbwbbbwbbbwwwwwwwwwwwwwwwwwwwwwwwwwwwwwwwwwwwwwwwwwwwwwwwwwwwwwwwwwww
448,Zara,bbbbbbbbbbbwwbbbwbbbbwwwbbwwwwwbbbwbbbbwwwwwwwwwwwwwwwwwwwwwwwwwwwwwwwwwwwwwwwwwwwwwwwwwwwwwwwwwwwwwwwwwwwwwwwwwwwwwwwwwwwwwwwww
449,Pola,wbbbwwwwwwwwwbbbbwbbbbwwwbbbwwbbbwbbbbbwwwwwwwwwwwwwwwwwwwwwwwwwwwwwwwwwwwwwwwwwwwwwwwwwwwwwwwwwwwwwwwwwwwwwwwwwwwwwwwwwwwwwwwww
450,èHí√èFâ¸,wwwbbwwwbbbwwbbwwwwwbbwbbbbbbbbbbbbwwbbwwbbwwwbbwwwbbwwbbbbbbwbbbwbbbwwwwwwwwwwwwwwwwwwwwwwwwwwwwwwwwwwwwwwwwwwwwwwwwwwwwwwwwwww
451,êêï‰,bbbwwwbbwbbwbwwbbwwwwbwwbbwbwwwbbbbwwwwwwwwwwwwwwwwwwwwwwwwwwwwwwwwwwwwwwwwwwwwwwwwwwwwwwwwwwwwwwwwwwwwwwwwwwwwwwwwwwwwwwwwwwwww
452,â´îg,wwbbwwwwwwbbwwwwwwwbbbbbwwwbbbbbwwwwwwwwwwwwwwwwwwwwwwwwwwwwwwwwwwwwwwwwwwwwwwwwwwwwwwwwwwwwwwwwwwwwwwwwwwwwwwwwwwwwwwwwwwwwwwww
453,ïóâ_,wbbwwwwbbbbbbwbwbwwwwwbbbwwwwbbbwwwwwwwwwwwwwwwwwwwwwwwwwwwwwwwwwwwwwwwwwwwwwwwwwwwwwwwwwwwwwwwwwwwwwwwwwwwwwwwwwwwwwwwwwwwwwwww
454,óí,wbbwwwwwbwbbwwbwbwwwwwwwwwwwwwwwwwwwwwwwwwwwwwwwwwwwwwwwwwwwwwwwwwwwwwwwwwwwwwwwwwwwwwwwwwwwwwwwwwwwwwwwwwwwwwwwwwwwwwwwwwwwwwww
455,îãïó,bbwbbwwwwbbwbbbwwwwbbwwwwbbbbbbwbwbwwwwwwwwwwwwwwwwwwwwwwwwwwwwwwwwwwwwwwwwwwwwwwwwwwwwwwwwwwwwwwwwwwwwwwwwwwwwwwwwwwwwwwwwwwwww
456,êeí™,bbbwbwwbwbbwbbwbbwwbbwwwbbwwbbwwwbbwwwwwwwwwwwwwwwwwwwwwwwwwwwwwwwwwwwwwwwwwwwwwwwwwwwwwwwwwwwwwwwwwwwwwwwwwwwwwwwwwwwwwwwwwwwww
458,äCïó,wwbbwbbbbbbbbbbbbwwbbwwwwbbbbbbwbwbwwwwwwwwwwwwwwwwwwwwwwwwwwwwwwwwwwwwwwwwwwwwwwwwwwwwwwwwwwwwwwwwwwwwwwwwwwwwwwwwwwwwwwwwwwwww
459,ç]ïó,wwbbwwwwwwbbwwwwwwwbbwwwwbbbbbbwbwbwwwwwwwwwwwwwwwwwwwwwwwwwwwwwwwwwwwwwwwwwwwwwwwwwwwwwwwwwwwwwwwwwwwwwwwwwwwwwwwwwwwwwwwwwwwww
460,ë¨ãz,wwbbbbbwwwbbwwwbwwwwwwwbbwwwbbbbbwwwwwwwwwwwwwwwwwwwwwwwwwwwwwwwwwwwwwwwwwwwwwwwwwwwwwwwwwwwwwwwwwwwwwwwwwwwwwwwwwwwwwwwwwwwwwww
461,„ƒíﬂâ¸ìÒ,wwbbwwwwwwbbwwwbbwwwbwwbwwwbwbbbbbbwwbbbbbbwbbbwbbbwwwbbbbbbbbbbbbbbbbbwwwwwwwwwwwwwwwwwwwwwwwwwwwwwwwwwwwwwwwwwwwwwwwwwwwwwwwww
462,êêíﬂâ¸ìÒ,bbbwwwbbwbbwbwwbbwwwbwwbwwwbwbbbbbbwwbbbbbbwbbbwbbbwwwbbbbbbbbbbbbbbbbbwwwwwwwwwwwwwwwwwwwwwwwwwwwwwwwwwwwwwwwwwwwwwwwwwwwwwwwww
463,í©í™â¸ìÒ,bbbbbbbbbbbwwwwbbwwbbwwwbbwwbbwwwbbwwbbbbbbwbbbwbbbwwwbbbbbbbbbbbbbbbbbwwwwwwwwwwwwwwwwwwwwwwwwwwwwwwwwwwwwwwwwwwwwwwwwwwwwwwwww
464,â‡â¸ìÒ,wbbwwwwwwwbbbbbwwwwbbbbbbwbbbwbbbwwwbbbbbbbbbbbbbbbbbwwwwwwwwwwwwwwwwwwwwwwwwwwwwwwwwwwwwwwwwwwwwwwwwwwwwwwwwwwwwwwwwwwwwwwwwwww
465,é≠ìá,bbwwbbwwwwbbwwwbbwwbbwwwbwwwbbwwbbwwwwwwwwwwwwwwwwwwwwwwwwwwwwwwwwwwwwwwwwwwwwwwwwwwwwwwwwwwwwwwwwwwwwwwwwwwwwwwwwwwwwwwwwwwwwww
466,„ƒíﬂâ¸ìÒçb,wwbbwwwwwwbbwwwbbwwwbwwbwwwbwbbbbbbwwbbbbbbwbbbwbbbwwwbbbbbbbbbbbbbbbbbwwwwwwwwbbbwwwwwwwwwwwwwwwwwwwwwwwwwwwwwwwwwwwwwwwwwwwwww
467,êêíﬂâ¸ìÒçb,bbbwwwbbwbbwbwwbbwwwbwwbwwwbwbbbbbbwwbbbbbbwbbbwbbbwwwbbbbbbbbbbbbbbbbbwwwwwwwwbbbwwwwwwwwwwwwwwwwwwwwwwwwwwwwwwwwwwwwwwwwwwwwww
468,í©í™â¸ìÒíö,bbbbbbbbbbbwwwwbbwwbbwwwbbwwbbwwwbbwwbbbbbbwbbbwbbbwwwbbbbbbbbbbbbbbbbbwwwwwwwwwbbwwwwwwwwwwwwwwwwwwwwwwwwwwwwwwwwwwwwwwwwwwwwww
469,ç]ïóâ¸ìÒ,wwbbwwwwwwbbwwwwwwwbbwwwwbbbbbbwbwbwwbbbbbbwbbbwbbbwwwbbbbbbbbbbbbbbbbbwwwwwwwwwwwwwwwwwwwwwwwwwwwwwwwwwwwwwwwwwwwwwwwwwwwwwwwww
470,â‡â¸ìÒâ≥,wbbwwwwwwwbbbbbwwwwbbbbbbwbbbwbbbwwwbbbbbbbbbbbbbbbbbwwbbbwwwwwwwwwbbbwwwwwwwwwwwwwwwwwwwwwwwwwwwwwwwwwwwwwwwwwwwwwwwwwwwwwwwwww
471,ê_ïó,wwwbbwwwwwwbbwwwwwwbbwwwwbbbbbbwbwbwwwwwwwwwwwwwwwwwwwwwwwwwwwwwwwwwwwwwwwwwwwwwwwwwwwwwwwwwwwwwwwwwwwwwwwwwwwwwwwwwwwwwwwwwwwww
473,ètïó,wwwwbbwwwwwwbwwwwwwbbwwwwbbbbbbwbwbwwwwwwwwwwwwwwwwwwwwwwwwwwwwwwwwwwwwwwwwwwwwwwwwwwwwwwwwwwwwwwwwwwwwwwwwwwwwwwwwwwwwwwwwwwwww
476,ê_ïóâ¸,wwwbbwwwwwwbbwwwwwwbbwwwwbbbbbbwbwbwwbbbbbbwbbbwbbbwwwwwwwwwwwwwwwwwwwwwwwwwwwwwwwwwwwwwwwwwwwwwwwwwwwwwwwwwwwwwwwwwwwwwwwwwwwww
